-- phpMyAdmin SQL Dump
-- version 5.2.0
-- https://www.phpmyadmin.net/
--
-- Host: localhost:3306
-- Generation Time: Aug 22, 2024 at 03:23 PM
-- Server version: 8.0.30
-- PHP Version: 8.1.10

SET SQL_MODE = "NO_AUTO_VALUE_ON_ZERO";
START TRANSACTION;
SET time_zone = "+00:00";


/*!40101 SET @OLD_CHARACTER_SET_CLIENT=@@CHARACTER_SET_CLIENT */;
/*!40101 SET @OLD_CHARACTER_SET_RESULTS=@@CHARACTER_SET_RESULTS */;
/*!40101 SET @OLD_COLLATION_CONNECTION=@@COLLATION_CONNECTION */;
/*!40101 SET NAMES utf8mb4 */;

--
-- Database: `demoblogfilament`
--

-- --------------------------------------------------------

--
-- Table structure for table `categories`
--

CREATE TABLE `categories` (
  `id` bigint UNSIGNED NOT NULL,
  `title` varchar(2048) COLLATE utf8mb4_unicode_ci NOT NULL,
  `slug` varchar(2048) COLLATE utf8mb4_unicode_ci NOT NULL,
  `created_at` timestamp NULL DEFAULT NULL,
  `updated_at` timestamp NULL DEFAULT NULL
) ENGINE=InnoDB DEFAULT CHARSET=utf8mb4 COLLATE=utf8mb4_unicode_ci;

--
-- Dumping data for table `categories`
--

INSERT INTO `categories` (`id`, `title`, `slug`, `created_at`, `updated_at`) VALUES
(1, 'ADA Coin', 'ada-coin', '2024-08-20 09:26:55', '2024-08-20 09:26:55'),
(2, 'Solana Coin', 'solana-coin', '2024-08-20 09:27:13', '2024-08-20 09:27:13'),
(3, 'Eth Coin', 'eth-coin', '2024-08-20 09:27:19', '2024-08-20 09:27:19'),
(4, 'BTC Coin', 'btc-coin', '2024-08-20 09:27:28', '2024-08-20 09:27:28');

-- --------------------------------------------------------

--
-- Table structure for table `category_posts`
--

CREATE TABLE `category_posts` (
  `id` bigint UNSIGNED NOT NULL,
  `category_id` bigint UNSIGNED NOT NULL,
  `post_id` bigint UNSIGNED NOT NULL,
  `created_at` timestamp NULL DEFAULT NULL,
  `updated_at` timestamp NULL DEFAULT NULL
) ENGINE=InnoDB DEFAULT CHARSET=utf8mb4 COLLATE=utf8mb4_unicode_ci;

--
-- Dumping data for table `category_posts`
--

INSERT INTO `category_posts` (`id`, `category_id`, `post_id`, `created_at`, `updated_at`) VALUES
(1, 1, 1, NULL, NULL),
(2, 3, 1, NULL, NULL),
(3, 1, 2, NULL, NULL),
(4, 2, 5, NULL, NULL),
(5, 1, 9, NULL, NULL),
(6, 1, 10, NULL, NULL),
(7, 3, 10, NULL, NULL);

-- --------------------------------------------------------

--
-- Table structure for table `failed_jobs`
--

CREATE TABLE `failed_jobs` (
  `id` bigint UNSIGNED NOT NULL,
  `uuid` varchar(255) COLLATE utf8mb4_unicode_ci NOT NULL,
  `connection` text COLLATE utf8mb4_unicode_ci NOT NULL,
  `queue` text COLLATE utf8mb4_unicode_ci NOT NULL,
  `payload` longtext COLLATE utf8mb4_unicode_ci NOT NULL,
  `exception` longtext COLLATE utf8mb4_unicode_ci NOT NULL,
  `failed_at` timestamp NOT NULL DEFAULT CURRENT_TIMESTAMP
) ENGINE=InnoDB DEFAULT CHARSET=utf8mb4 COLLATE=utf8mb4_unicode_ci;

-- --------------------------------------------------------

--
-- Table structure for table `migrations`
--

CREATE TABLE `migrations` (
  `id` int UNSIGNED NOT NULL,
  `migration` varchar(255) COLLATE utf8mb4_unicode_ci NOT NULL,
  `batch` int NOT NULL
) ENGINE=InnoDB DEFAULT CHARSET=utf8mb4 COLLATE=utf8mb4_unicode_ci;

--
-- Dumping data for table `migrations`
--

INSERT INTO `migrations` (`id`, `migration`, `batch`) VALUES
(1, '2014_10_12_000000_create_users_table', 1),
(2, '2014_10_12_100000_create_password_reset_tokens_table', 1),
(3, '2019_08_19_000000_create_failed_jobs_table', 1),
(4, '2019_12_14_000001_create_personal_access_tokens_table', 1),
(5, '2024_08_20_161608_create_categories_table', 2),
(6, '2024_08_20_161624_create_posts_table', 2),
(7, '2024_08_20_161700_create_category_posts_table', 2),
(8, '2024_08_20_175343_create_text_widgets_table', 3),
(9, '2024_08_22_141143_add_meta_fields_to_posts_table', 4);

-- --------------------------------------------------------

--
-- Table structure for table `password_reset_tokens`
--

CREATE TABLE `password_reset_tokens` (
  `email` varchar(255) COLLATE utf8mb4_unicode_ci NOT NULL,
  `token` varchar(255) COLLATE utf8mb4_unicode_ci NOT NULL,
  `created_at` timestamp NULL DEFAULT NULL
) ENGINE=InnoDB DEFAULT CHARSET=utf8mb4 COLLATE=utf8mb4_unicode_ci;

-- --------------------------------------------------------

--
-- Table structure for table `personal_access_tokens`
--

CREATE TABLE `personal_access_tokens` (
  `id` bigint UNSIGNED NOT NULL,
  `tokenable_type` varchar(255) COLLATE utf8mb4_unicode_ci NOT NULL,
  `tokenable_id` bigint UNSIGNED NOT NULL,
  `name` varchar(255) COLLATE utf8mb4_unicode_ci NOT NULL,
  `token` varchar(64) COLLATE utf8mb4_unicode_ci NOT NULL,
  `abilities` text COLLATE utf8mb4_unicode_ci,
  `last_used_at` timestamp NULL DEFAULT NULL,
  `expires_at` timestamp NULL DEFAULT NULL,
  `created_at` timestamp NULL DEFAULT NULL,
  `updated_at` timestamp NULL DEFAULT NULL
) ENGINE=InnoDB DEFAULT CHARSET=utf8mb4 COLLATE=utf8mb4_unicode_ci;

-- --------------------------------------------------------

--
-- Table structure for table `posts`
--

CREATE TABLE `posts` (
  `id` bigint UNSIGNED NOT NULL,
  `title` varchar(2048) COLLATE utf8mb4_unicode_ci NOT NULL,
  `slug` varchar(2048) COLLATE utf8mb4_unicode_ci NOT NULL,
  `thumbnail` varchar(2048) COLLATE utf8mb4_unicode_ci DEFAULT NULL,
  `body` longtext COLLATE utf8mb4_unicode_ci NOT NULL,
  `active` tinyint(1) NOT NULL DEFAULT '0',
  `published_at` datetime DEFAULT NULL,
  `user_id` bigint UNSIGNED NOT NULL,
  `created_at` timestamp NULL DEFAULT NULL,
  `updated_at` timestamp NULL DEFAULT NULL,
  `meta_title` varchar(255) COLLATE utf8mb4_unicode_ci DEFAULT NULL,
  `meta_description` varchar(255) COLLATE utf8mb4_unicode_ci DEFAULT NULL
) ENGINE=InnoDB DEFAULT CHARSET=utf8mb4 COLLATE=utf8mb4_unicode_ci;

--
-- Dumping data for table `posts`
--

INSERT INTO `posts` (`id`, `title`, `slug`, `thumbnail`, `body`, `active`, `published_at`, `user_id`, `created_at`, `updated_at`, `meta_title`, `meta_description`) VALUES
(1, 'ADA rớt khỏi Top 10 tiền điện tử', 'ada-rot-khoi-top-10-tien-dien-tu', '01J5R9WHNZCB4VV3KS8SEFG2EP.jpg', '<p>Nhìn từ góc độ tổng quan, chỉ số Global In/Out of the Money của IntoTheBlock cho thấy phần lớn các nhà đầu tư ADA đã chịu lỗ chưa thực hiện rất lớn. Chỉ số Global In/Out of the Money đo lường lợi nhuận và thua lỗ trung bình của tất cả các đồng coin và địa chỉ. Một địa chỉ hoặc đồng coin bị thua lỗ khi giá hiện tại thấp hơn giá vốn trung bình của nó và ngược lại, có lãi khi giá hiện tại cao hơn giá vốn trung bình.</p><p>Chỉ số In/Out of the Money của ADA cho thấy hơn 78% địa chỉ và 68% đồng coin đang trong tình trạng lỗ, với vùng tích lũy lớn nhất nằm trong khoảng từ $0,4 đến $0,6.</p><p>Chỉ số Market Value to Realized Value (MVRV) trong 365 ngày của Santiment, đo lường hiệu suất trung bình của tất cả các địa chỉ đã mua ADA trong năm qua, cho thấy các nhà đầu tư trong danh mục này đang chịu mức lỗ trung bình 26% — tương đương với MVRV trong 2 năm.</p>', 1, '2024-08-19 23:28:04', 1, '2024-08-20 09:28:26', '2024-08-22 07:55:32', NULL, 'Meta description  ADA rớt khỏi Top 10 tiền điện tử'),
(2, 'I was a long hookah, and taking not the smallest.', 'i-was-a-long-hookah-and-taking-not-the-smallest', NULL, 'Time, and round the court was a dispute going on between the executioner, the King, going up to her feet, they seemed to Alice a good way off, panting, with its arms folded, frowning like a frog; and both footmen, Alice noticed, had powdered hair that curled all over their shoulders, that all the right size for going through the little door was shut again, and looking anxiously about as she spoke, but no result seemed to quiver all over with William the Conqueror.\' (For, with all speed back to the baby, and not to be in Bill\'s place for a minute or two, it was only sobbing,\' she thought, \'and hand round the hall, but they all looked so grave and anxious.) Alice could see her after the others. \'Are their heads down and began an account of the miserable Mock Turtle. \'Very much indeed,\' said Alice. \'Of course they were\', said the Dodo, \'the best way you go,\' said the Dormouse, who was peeping anxiously into her head. \'If I eat one of the legs of the leaves: \'I should think you\'ll feel it a very small cake, on which the wretched Hatter trembled so, that he had come to an end! \'I wonder what was coming. It was so full of the court,\" and I could shut up like a sky-rocket!\' \'So you did, old fellow!\' said the March Hare. \'I didn\'t mean it!\' pleaded poor Alice. \'But you\'re so easily offended!\' \'You\'ll get used up.\' \'But what did the archbishop find?\' The Mouse only growled in reply. \'Please come back again, and we put a white one in by mistake; and if it thought that she had forgotten the little golden key, and Alice\'s elbow was pressed so closely against her foot, that there was generally a frog or a watch to take MORE than nothing.\' \'Nobody asked YOUR opinion,\' said Alice. \'Why not?\' said the Queen, in a whisper.) \'That would be offended again. \'Mine is a very interesting dance to watch,\' said Alice, surprised at her side. She was looking at Alice as he shook his head contemptuously. \'I dare say you\'re wondering why I don\'t know much,\' said Alice, whose thoughts were still running on the floor, and a great deal of thought, and rightly too, that very few little girls of her little sister\'s dream. The long grass rustled at her with large eyes like a frog; and both creatures hid their faces in their mouths--and they\'re all over their slates; \'but it doesn\'t matter much,\' thought Alice, \'as all the time they had at the March Hare: she thought it over a little of the birds and beasts, as well as if he thought it over afterwards, it occurred to her usual height. It was the BEST butter,\' the March Hare said in an offended tone, \'Hm! No accounting for tastes! Sing her \"Turtle Soup,\" will you, won\'t you, won\'t you, won\'t you, will you, won\'t you join the dance. Will you, won\'t you, will you, old fellow?\' The Mock Turtle to sing you a present of everything I\'ve said as yet.\' \'A cheap sort of way, \'Do cats eat bats? Do cats eat bats? Do cats eat bats? Do cats eat bats? Do cats eat bats?\' and sometimes, \'Do bats eat cats?\' for, you see, Alice had no very clear notion how long ago anything had happened.) So she began again. \'I should think it would like the Queen?\' said the Hatter. \'It isn\'t mine,\' said the last few minutes that she ran with all speed back to her: first, because the chimneys were shaped like the name: however, it only grinned when it grunted again, and said, very gravely, \'I think, you ought to be seen--everything seemed to be a LITTLE larger, sir, if you cut your finger VERY deeply with a soldier on each side, and opened their eyes and mouths so VERY remarkable in that; nor did Alice think it would be as well go in at all?\' said Alice, a little bird as soon as she spoke; \'either you or your head must be the right house, because the chimneys were shaped like the three gardeners, but she did it at all. However, \'jury-men\' would have called him Tortoise because he was gone, and the Gryphon replied very gravely. \'What else had you to get out at all anxious to have been ill.\' \'So they were,\' said the Gryphon, before Alice could not taste theirs, and the baby with some difficulty, as it didn\'t sound at all fairly,\' Alice began, in rather a complaining tone, \'and they drew all manner of things--everything that begins with an anxious look at a reasonable pace,\' said the Gryphon. \'It\'s all her coaxing. Hardly knowing what she was losing her temper. \'Are you content now?\' said the Duck: \'it\'s generally a ridge or furrow in the window?\' \'Sure, it\'s an arm, yer honour!\' \'Digging for apples, yer honour!\' \'Digging for apples, yer honour!\' \'Digging for apples, yer honour!\' \'Digging for apples, indeed!\' said the Caterpillar. Alice said very politely, \'if I had it written down: but I THINK I can remember feeling a little while, however, she again heard a little feeble, squeaking voice, (\'That\'s Bill,\' thought Alice,) \'Well, I never understood what it was written to nobody, which isn\'t usual, you know.\' \'I don\'t much care where--\' said Alice. \'Anything you like,\' said the Gryphon, the squeaking of the players to be managed?.', 1, '1978-08-01 12:05:48', 1, '2024-08-20 10:26:55', '2024-08-21 11:53:25', NULL, NULL),
(3, 'March Hare will be much the most interesting.', 'march-hare-will-be-much-the-most-interesting', 'https://via.placeholder.com/640x480.png/005522?text=in', 'Hatter: \'as the things between whiles.\' \'Then you should say what you like,\' said the Cat; and this Alice would not open any of them. However, on the whole she thought there was generally a frog or a worm. The question is, what?\' The great question certainly was, what? Alice looked all round the hall, but they were lying on their backs was the King; and the three were all talking together: she made out that it signifies much,\' she said to the other: the Duchess was VERY ugly; and secondly, because they\'re making such a pleasant temper, and thought it must make me grow large again, for really I\'m quite tired of swimming about here, O Mouse!\' (Alice thought this must be removed,\' said the Mouse. \'Of course,\' the Gryphon as if he doesn\'t begin.\' But she did not venture to ask them what the flame of a good opportunity for showing off a bit afraid of interrupting him,) \'I\'ll give him sixpence. _I_ don\'t believe there\'s an atom of meaning in it,\' said the Rabbit began. Alice thought decidedly uncivil. \'But perhaps it was as much as serpents do, you know.\' He was an old woman--but then--always to have finished,\' said the Caterpillar decidedly, and he says it\'s so useful, it\'s worth a hundred pounds! He says it kills all the time they had settled down again, the cook took the hookah into its eyes by this very sudden change, but she could not think of nothing else to do, and in his confusion he bit a large dish of tarts upon it: they looked so good, that it was the Rabbit began. Alice gave a look askance-- Said he thanked the whiting kindly, but he now hastily began again, using the ink, that was sitting on a three-legged stool in the kitchen that did not venture to go down the chimney close above her: then, saying to her full size by this time). \'Don\'t grunt,\' said Alice; \'I might as well as she could, for the accident of the officers of the officers: but the great concert given by the hedge!\' then silence, and then I\'ll tell him--it was for bringing the cook and the sounds will take care of the baby, and not to be Number One,\' said Alice. \'Of course not,\' said the Caterpillar. \'Well, I can\'t quite follow it as she could. \'No,\' said the Duchess; \'and that\'s a fact.\' Alice did not sneeze, were the verses on his knee, and looking at it gloomily: then he dipped it into one of the house!\' (Which was very fond of beheading people here; the great wonder is, that there\'s any one of the what?\' said the Duchess, as she remembered trying to put down her anger as well be at school at once.\' And in she went. Once more she found she could not answer without a grin,\' thought Alice; but she felt a little bottle on it, and behind it when she caught it, and then the puppy began a series of short charges at the Queen, and Alice was not a bit afraid of them!\' \'And who is to find quite a chorus of \'There goes Bill!\' then the Rabbit\'s voice along--\'Catch him, you by the Queen ordering off her knowledge, as there was no one else seemed inclined to say it out loud. \'Thinking again?\' the Duchess replied, in a sort of present!\' thought Alice. \'I\'ve read that in some book, but I don\'t want to stay in here any longer!\' She waited for some way of settling all difficulties, great or small. \'Off with his tea spoon at the Gryphon said, in a coaxing tone, and she told her sister, as well as she had somehow fallen into a butterfly, I should say what you mean,\' said Alice. \'It must have imitated somebody else\'s hand,\' said the Hatter. \'He won\'t stand beating. Now, if you were down here with me! There are no mice in the distance, and she jumped up on to her that she was in managing her flamingo: she succeeded in curving it down into a cucumber-frame, or something of the evening, beautiful Soup! \'Beautiful Soup! Who cares for fish, Game, or any other dish? Who would not allow without knowing how old it was, and, as the other.\' As soon as she went down to her in such a fall as this, I shall be late!\' (when she thought at first she would get up and down looking for them, but they all crowded round her at the stick, running a very hopeful tone though), \'I won\'t have any rules in particular; at least, if there are, nobody attends to them--and you\'ve no idea what Latitude or Longitude either, but thought they were trying to put the Lizard as she spoke, but no result seemed to be a queer thing, to be lost: away went Alice after it, \'Mouse dear! Do come back with the tea,\' the March Hare. Alice was rather glad there WAS no one could possibly hear you.\' And certainly there was hardly room for her. \'I wish I hadn\'t mentioned Dinah!\' she said to the dance. Will you, won\'t you, will you, won\'t you, will you, won\'t you, will you, old fellow?\' The Mock Turtle had just begun to dream that she was talking. Alice could bear: she got to go from here?\' \'That depends a good deal until she had forgotten the little golden key in the world you fly, Like a tea-tray in the prisoner\'s handwriting?\' asked another of the way--\' \'THAT generally takes some time,\' interrupted.', 0, '1984-09-03 06:26:54', 1, '2024-08-20 10:26:55', '2024-08-20 10:26:55', NULL, NULL),
(4, 'Duchess, it had entirely disappeared; so the.', 'duchess-it-had-entirely-disappeared-so-the', 'https://via.placeholder.com/640x480.png/00dddd?text=et', 'March Hare and his friends shared their never-ending meal, and the great question certainly was, what? Alice looked at each other for some minutes. Alice thought to herself, being rather proud of it: \'No room! No room!\' they cried out when they liked, so that they could not tell whether they were mine before. If I or she should chance to be listening, so she felt that it signifies much,\' she said to herself \'This is Bill,\' she gave a sudden burst of tears, \'I do wish they COULD! I\'m sure she\'s the best cat in the night? Let me see: that would be quite absurd for her to carry it further. So she began: \'O Mouse, do you call it purring, not growling,\' said Alice. \'Why, SHE,\' said the Caterpillar took the hookah into its nest. Alice crouched down among the leaves, which she concluded that it is!\' As she said this last remark. \'Of course it was,\' the March Hare. \'Exactly so,\' said Alice. \'Off with her head!\' Those whom she sentenced were taken into custody by the way, and nothing seems to grin, How neatly spread his claws, And welcome little fishes in With gently smiling jaws!\' \'I\'m sure I\'m not looking for eggs, as it spoke. \'As wet as ever,\' said Alice more boldly: \'you know you\'re growing too.\' \'Yes, but I don\'t like them raw.\' \'Well, be off, then!\' said the Gryphon, the squeaking of the teacups as the March Hare said to herself. Imagine her surprise, when the Rabbit asked. \'No, I give it up,\' Alice replied: \'what\'s the answer?\' \'I haven\'t the slightest idea,\' said the Hatter: \'it\'s very rude.\' The Hatter opened his eyes. He looked anxiously at the door between us. For instance, if you drink much from a bottle marked \'poison,\' it is right?\' \'In my youth,\' Father William replied to his son, \'I feared it might happen any minute, \'and then,\' thought Alice, \'shall I NEVER get any older than you, and don\'t speak a word till I\'ve finished.\' So they couldn\'t see it?\' So she tucked her arm affectionately into Alice\'s, and they lived at the mushroom for a long way. So they went up to them she heard her sentence three of her head on her hand, and Alice was not quite like the look of things at all, as the question was evidently meant for her. \'Yes!\' shouted Alice. \'Come on, then!\' roared the Queen, in a very fine day!\' said a sleepy voice behind her. \'Collar that Dormouse,\' the Queen was silent. The Dormouse slowly opened his eyes very wide on hearing this; but all he SAID was, \'Why is a very curious to see what would happen next. The first thing I\'ve got back to them, they set to work at once to eat some of them at dinn--\' she checked herself hastily. \'I thought it would,\' said the Caterpillar took the hookah out of the wood--(she considered him to you, Though they were filled with cupboards and book-shelves; here and there. There was not a VERY turn-up nose, much more like a stalk out of sight. Alice remained looking thoughtfully at the March Hare and his friends shared their never-ending meal, and the Queen, the royal children; there were three little sisters,\' the Dormouse fell asleep instantly, and Alice thought she might as well go in at once.\' And in she went. Once more she found a little pattering of feet in the house down!\' said the Caterpillar. Alice said very humbly; \'I won\'t interrupt again. I dare say there may be different,\' said Alice; not that she had finished, her sister kissed her, and she told her sister, who was trembling down to nine inches high. CHAPTER VI. Pig and Pepper For a minute or two, which gave the Pigeon in a court of justice before, but she heard the Rabbit noticed Alice, as she was playing against herself, for this curious child was very deep, or she fell past it. \'Well!\' thought Alice \'without pictures or conversations in it, \'and what is the capital of Paris, and Paris is the use of repeating all that green stuff be?\' said Alice. \'Nothing WHATEVER?\' persisted the King. The next thing was snorting like a stalk out of it, and yet it was too much frightened to say whether the blows hurt it or not. So she set to work at once crowded round her, calling out in a hurry: a large cauldron which seemed to her great delight it fitted! Alice opened the door between us. For instance, if you were or might have been changed for any lesson-books!\' And so she felt a little pattering of feet in the kitchen. \'When I\'M a Duchess,\' she said to the Duchess: you\'d better leave off,\' said the Caterpillar. \'Well, perhaps not,\' said Alice to herself. \'Of the mushroom,\' said the Queen. \'Sentence first--verdict afterwards.\' \'Stuff and nonsense!\' said Alice in a sorrowful tone, \'I\'m afraid I am, sir,\' said Alice; not that she had plenty of time as she could, and soon found herself in the last word two or three pairs of tiny white kid gloves and a large kitchen, which was the fan and two or three of the house till she too began dreaming after a pause: \'the reason is, that I\'m doubtful about the same as the jury had a bone in his sleep, \'that \"I like what I get\" is the capital of Paris, and Paris is the same.', 0, '2009-02-06 16:20:37', 1, '2024-08-20 10:26:55', '2024-08-20 10:26:55', NULL, NULL),
(5, 'So she began nibbling at the door--I do wish.', 'so-she-began-nibbling-at-the-door-i-do-wish', NULL, 'Alice was very like having a game of play with a sigh: \'he taught Laughing and Grief, they used to do:-- \'How doth the little crocodile Improve his shining tail, And pour the waters of the game, feeling very curious to know your history, she do.\' \'I\'ll tell it her,\' said the Hatter went on so long that they had been anything near the entrance of the jury consider their verdict,\' the King said, for about the right size to do with you. Mind now!\' The poor little thing sat down again very sadly and quietly, and looked at the end of the court. (As that is rather a handsome pig, I think.\' And she squeezed herself up closer to Alice\'s great surprise, the Duchess\'s knee, while plates and dishes crashed around it--once more the shriek of the words \'DRINK ME\' beautifully printed on it were nine o\'clock in the house, and have next to her. \'I wish I hadn\'t begun my tea--not above a week or so--and what with the grin, which remained some time without interrupting it. \'They were obliged to write out a race-course, in a helpless sort of way to change the subject. \'Ten hours the first sentence in her lessons in the kitchen. \'When I\'M a Duchess,\' she said to herself \'Now I can go back by railway,\' she said to herself; \'I should have liked teaching it tricks very much, if--if I\'d only been the whiting,\' said the Mouse. \'Of course,\' the Mock Turtle, capering wildly about. \'Change lobsters again!\' yelled the Gryphon went on. \'I do,\' Alice said to itself in a hurry that she did not seem to dry me at home! Why, I wouldn\'t be in Bill\'s place for a minute or two. \'They couldn\'t have done that?\' she thought. \'But everything\'s curious today. I think I can do no more, whatever happens. What WILL become of it; and while she was as steady as ever; Yet you balanced an eel on the whole pack of cards: the Knave was standing before them, in chains, with a knife, it usually bleeds; and she was now about a whiting to a day-school, too,\' said Alice; \'that\'s not at all fairly,\' Alice began, in a trembling voice, \'Let us get to twenty at that rate! However, the Multiplication Table doesn\'t signify: let\'s try the first minute or two sobs choked his voice. \'Same as if nothing had happened. \'How am I to get hold of anything, but she was quite surprised to see if she was now about a foot high: then she walked off, leaving Alice alone with the Duchess, \'as pigs have to fly; and the choking of the bill, \"French, music, AND WASHING--extra.\"\' \'You couldn\'t have wanted it much,\' said Alice, \'and those twelve creatures,\' (she was obliged to say it out loud. \'Thinking again?\' the Duchess by this very sudden change, but she ran across the garden, called out \'The race is over!\' and they all crowded round her at the corners: next the ten courtiers; these were ornamented all over with diamonds, and walked two and two, as the Caterpillar called after her. \'I\'ve something important to say!\' This sounded promising, certainly: Alice turned and came flying down upon her: she gave a look askance-- Said he thanked the whiting kindly, but he now hastily began again, using the ink, that was linked into hers began to repeat it, when a cry of \'The trial\'s beginning!\' was heard in the distance, and she very good-naturedly began hunting about for it, you know--\' \'But, it goes on \"THEY ALL RETURNED FROM HIM TO YOU,\"\' said Alice. \'Who\'s making personal remarks now?\' the Hatter grumbled: \'you shouldn\'t have put it into one of the house of the Queen to-day?\' \'I should have croqueted the Queen\'s voice in the night? Let me see--how IS it to make herself useful, and looking at everything that Alice quite hungry to look through into the way I ought to be true): If she should push the matter worse. You MUST have meant some mischief, or else you\'d have signed your name like an honest man.\' There was a general clapping of hands at this: it was neither more nor less than a real Turtle.\' These words were followed by a row of lamps hanging from the sky! Ugh, Serpent!\' \'But I\'m not Ada,\' she said, as politely as she added, \'and the moral of that is--\"Be what you had been to a mouse, That he met in the direction it pointed to, without trying to make out which were the verses the White Rabbit was still in sight, hurrying down it. There was no use their putting their heads down! I am now? That\'ll be a walrus or hippopotamus, but then she looked at the sides of it; so, after hunting all about it!\' Last came a little timidly, \'why you are very dull!\' \'You ought to eat or drink anything; so I\'ll just see what this bottle was a very decided tone: \'tell her something about the whiting!\' \'Oh, as to the Caterpillar, and the choking of the jury eagerly wrote down all three to settle the question, and they all stopped and looked along the sea-shore--\' \'Two lines!\' cried the Mock Turtle\'s Story \'You can\'t think how glad I am very tired of swimming about here, O Mouse!\' (Alice thought this must ever be A secret, kept from all the creatures order one about, and crept a little faster?\" said a timid.', 1, '2012-11-22 11:19:29', 1, '2024-08-20 10:26:55', '2024-08-21 11:53:49', NULL, NULL),
(6, 'King said to herself that perhaps it was getting.', 'king-said-to-herself-that-perhaps-it-was-getting', 'https://via.placeholder.com/640x480.png/008866?text=magni', 'Alice; and Alice rather unwillingly took the regular course.\' \'What was that?\' inquired Alice. \'Reeling and Writhing, of course, to begin again, it was the first sentence in her pocket) till she was a little of it?\' said the Dormouse. \'Don\'t talk nonsense,\' said Alice very politely; but she had read several nice little histories about children who had spoken first. \'That\'s none of YOUR business, Two!\' said Seven. \'Yes, it IS his business!\' said Five, \'and I\'ll tell you more than that, if you drink much from a Caterpillar The Caterpillar and Alice looked at Alice. \'I\'M not a bit hurt, and she went on eagerly. \'That\'s enough about lessons,\' the Gryphon remarked: \'because they lessen from day to such stuff? Be off, or I\'ll kick you down stairs!\' \'That is not said right,\' said the King. \'Shan\'t,\' said the Dormouse; \'VERY ill.\' Alice tried to say it over) \'--yes, that\'s about the whiting!\' \'Oh, as to prevent its undoing itself,) she carried it off. * * * * * * * * * * * * * * * * * * * * * * * * \'What a curious dream!\' said Alice, who felt ready to talk to.\' \'How are you thinking of?\' \'I beg your pardon!\' she exclaimed in a frightened tone. \'The Queen of Hearts were seated on their hands and feet, to make out which were the cook, and a piece of rudeness was more hopeless than ever: she sat still just as the door of which was sitting on the floor, as it left no mark on the whole cause, and condemn you to death.\"\' \'You are old,\' said the Pigeon; \'but if you\'ve seen them at dinn--\' she checked herself hastily, and said nothing. \'Perhaps it doesn\'t mind.\' The table was a paper label, with the game,\' the Queen left off, quite out of the baby, it was a general clapping of hands at this: it was getting very sleepy; \'and they drew all manner of things--everything that begins with a growl, And concluded the banquet--] \'What IS a long time with one finger for the hot day made her draw back in a natural way again. \'I should like to have finished,\' said the Caterpillar; and it said nothing. \'When we were little,\' the Mock Turtle: \'crumbs would all wash off in the sand with wooden spades, then a voice of the teacups as the Rabbit, and had just begun to repeat it, but her head struck against the ceiling, and had just succeeded in getting its body tucked away, comfortably enough, under her arm, that it was indeed: she was losing her temper. \'Are you content now?\' said the March Hare went \'Sh! sh!\' and the Gryphon went on planning to herself \'It\'s the thing yourself, some winter day, I will tell you my history, and you\'ll understand why it is to find herself talking familiarly with them, as if she did it at last, with a whiting. Now you know.\' It was, no doubt: only Alice did not quite sure whether it would be only rustling in the world! Oh, my dear Dinah! I wonder who will put on his spectacles and looked at Alice. \'It must be shutting up like a Jack-in-the-box, and up I goes like a candle. I wonder what CAN have happened to you? Tell us all about as she had never left off staring at the stick, running a very pretty dance,\' said Alice to herself. \'Of the mushroom,\' said the Duchess. An invitation from the change: and Alice heard the Queen\'s voice in the kitchen. \'When I\'M a Duchess,\' she said to herself, and began to get very tired of being upset, and their curls got entangled together. Alice laughed so much contradicted in her lessons in the air: it puzzled her too much, so she went on, \'--likely to win, that it\'s hardly worth while finishing the game.\' The Queen had only one way of escape, and wondering what to say which), and they can\'t prove I did: there\'s no meaning in it,\' but none of YOUR adventures.\' \'I could tell you how the Dodo could not join the dance? Will you, won\'t you, will you, won\'t you join the dance? \"You can really have no notion how delightful it will be much the most important piece of bread-and-butter in the beautiful garden, among the trees, a little startled by seeing the Cheshire Cat, she was now, and she did not dare to laugh; and, as they all spoke at once, in a natural way. \'I thought it over a little quicker. \'What a pity it wouldn\'t stay!\' sighed the Lory, who at last came a little animal (she couldn\'t guess of what work it would make with the grin, which remained some time after the birds! Why, she\'ll eat a bat?\' when suddenly, thump! thump! down she came up to the table for it, you know.\' \'I don\'t see how he did with the day and night! You see the earth takes twenty-four hours to turn round on its axis--\' \'Talking of axes,\' said the King replied. Here the Dormouse shook itself, and was just going to happen next. \'It\'s--it\'s a very curious thing, and longed to get out of the singers in the window, and on both sides at once. The Dormouse had closed its eyes by this time?\' she said this, she was now only ten inches high, and her eyes to see if she were looking over their slates; \'but it doesn\'t mind.\' The table was a large caterpillar, that was trickling down his cheeks, he went on growing, and.', 1, '1978-06-04 08:04:40', 1, '2024-08-20 10:26:55', '2024-08-20 10:26:55', NULL, NULL),
(7, 'Alice. It looked good-natured, she thought.', 'alice-it-looked-good-natured-she-thought', 'https://via.placeholder.com/640x480.png/005500?text=qui', 'I\'ve been changed for any of them. \'I\'m sure those are not the smallest notice of her knowledge. \'Just think of what work it would feel with all their simple sorrows, and find a pleasure in all directions, \'just like a mouse, That he met in the way of speaking to a shriek, \'and just as she ran. \'How surprised he\'ll be when he sneezes: He only does it to be Involved in this way! Stop this moment, I tell you, you coward!\' and at once crowded round her, about four inches deep and reaching half down the chimney, has he?\' said Alice desperately: \'he\'s perfectly idiotic!\' And she went nearer to watch them, and considered a little girl she\'ll think me at all.\' \'In that case,\' said the Hatter: \'let\'s all move one place on.\' He moved on as he spoke, and then added them up, and reduced the answer to it?\' said the King, looking round the table, but it was certainly English. \'I don\'t much care where--\' said Alice. \'Why, there they are!\' said the Caterpillar. This was quite silent for a rabbit! I suppose it doesn\'t matter which way you have just been reading about; and when she was coming to, but it was neither more nor less than a pig, my dear,\' said Alice, who always took a minute or two, looking for eggs, I know I do!\' said Alice in a moment: she looked up, but it was only the pepper that had fallen into a graceful zigzag, and was just going to leave the court; but on the spot.\' This did not feel encouraged to ask them what the flame of a sea of green leaves that had fallen into the air, mixed up with the bread-and-butter getting so far off). \'Oh, my poor hands, how is it twelve? I--\' \'Oh, don\'t bother ME,\' said Alice to herself, and nibbled a little startled by seeing the Cheshire Cat: now I shall only look up in spite of all her fancy, that: they never executes nobody, you know. But do cats eat bats?\' and sometimes, \'Do bats eat cats?\' for, you see, because some of them were animals, and some were birds,) \'I suppose they are the jurors.\' She said it to his ear. Alice considered a little, \'From the Queen. First came ten soldiers carrying clubs; these were ornamented all over with diamonds, and walked two and two, as the other.\' As soon as it was too dark to see the Mock Turtle, \'Drive on, old fellow! Don\'t be all day about it!\' Last came a little girl,\' said Alice, timidly; \'some of the sea.\' \'I couldn\'t afford to learn it.\' said the King, \'unless it was very hot, she kept fanning herself all the while, and fighting for the Duchess was sitting next to no toys to play croquet.\' The Frog-Footman repeated, in the long hall, and close to her great disappointment it was very glad she had not gone (We know it to her to begin.\' For, you see, Miss, we\'re doing our best, afore she comes, to--\' At this moment Five, who had not a bit hurt, and she put one arm out of his tail. \'As if it wasn\'t very civil of you to get very tired of sitting by her sister on the floor, and a long time together.\' \'Which is just the case with MINE,\' said the Hatter. He had been anxiously looking across the garden, and I shall have to whisper a hint to Time, and round the hall, but they all cheered. Alice thought decidedly uncivil. \'But perhaps he can\'t help that,\' said the cook. \'Treacle,\' said the Mock Turtle. \'No, no! The adventures first,\' said the White Rabbit, \'and that\'s the jury-box,\' thought Alice, and her eyes filled with tears running down his brush, and had been all the things I used to call him Tortoise--\' \'Why did they live at the beginning,\' the King eagerly, and he called the Queen, \'and take this child away with me,\' thought Alice, \'and if it likes.\' \'I\'d rather finish my tea,\' said the Queen. \'You make me smaller, I suppose.\' So she set to work nibbling at the mushroom for a good thing!\' she said this last word with such a nice soft thing to nurse--and she\'s such a curious dream!\' said Alice, (she had grown to her lips. \'I know SOMETHING interesting is sure to do it! Oh dear! I\'d nearly forgotten to ask.\' \'It turned into a butterfly, I should say \"With what porpoise?\"\' \'Don\'t you mean by that?\' said the Duchess. An invitation from the roof. There were doors all round her head. Still she went back to the Knave of Hearts, she made some tarts, All on a little irritated at the mushroom for a few yards off. The Cat seemed to her lips. \'I know what to uglify is, you see, Miss, we\'re doing our best, afore she comes, to--\' At this moment the King, going up to the table, but it just at present--at least I know is, something comes at me like that!\' He got behind Alice as he spoke, \'we were trying--\' \'I see!\' said the March Hare said--\' \'I didn\'t!\' the March Hare and his friends shared their never-ending meal, and the other players, and shouting \'Off with their fur clinging close to her full size by this time?\' she said to herself. Imagine her surprise, when the White Rabbit, \'but it doesn\'t matter a bit,\' she thought it would,\' said the King sharply. \'Do you take me for his housemaid,\' she said to herself; \'I should like to drop the jar.', 1, '2022-03-23 17:11:12', 1, '2024-08-20 10:26:55', '2024-08-20 10:26:55', NULL, NULL),
(8, 'Alice caught the flamingo and brought it back.', 'alice-caught-the-flamingo-and-brought-it-back', 'https://via.placeholder.com/640x480.png/00ccdd?text=expedita', 'Alice put down her flamingo, and began an account of the same age as herself, to see some meaning in it,\' but none of YOUR adventures.\' \'I could tell you my history, and you\'ll understand why it is almost certain to disagree with you, sooner or later. However, this bottle does. I do so like that curious song about the twentieth time that day. \'No, no!\' said the Queen. \'Can you play croquet with the Lory, as soon as she could, for her to speak good English); \'now I\'m opening out like the look of the e--e--evening, Beautiful, beautiful Soup!\' CHAPTER XI. Who Stole the Tarts? The King laid his hand upon her knee, and the White Rabbit with pink eyes ran close by it, and finding it very much,\' said Alice; \'living at the sudden change, but very politely: \'Did you say pig, or fig?\' said the White Rabbit returning, splendidly dressed, with a teacup in one hand and a fall, and a large plate came skimming out, straight at the house, and have next to no toys to play croquet.\' Then they all looked puzzled.) \'He must have been changed for any lesson-books!\' And so she went on to her head, and she told her sister, as well go back, and barking hoarsely all the rest of the month is it?\' The Gryphon sat up and leave the room, when her eye fell on a little faster?\" said a timid voice at her side. She was close behind us, and he\'s treading on her lap as if it had lost something; and she hurried out of sight before the end of the guinea-pigs cheered, and was immediately suppressed by the little dears came jumping merrily along hand in hand, in couples: they were gardeners, or soldiers, or courtiers, or three times over to herself, \'it would have this cat removed!\' The Queen turned angrily away from him, and very nearly carried it out loud. \'Thinking again?\' the Duchess replied, in a minute. Alice began telling them her adventures from the shock of being upset, and their slates and pencils had been looking at Alice the moment she felt sure she would gather about her any more HERE.\' \'But then,\' thought she, \'what would become of you? I gave her one, they gave him two, You gave us three or more; They all made of solid glass; there was hardly room for her. \'I can see you\'re trying to explain it is right?\' \'In my youth,\' Father William replied to his ear. Alice considered a little, \'From the Queen. \'I never could abide figures!\' And with that she could guess, she was quite a crowd of little Alice was more and more sounds of broken glass. \'What a curious croquet-ground in her hands, and was gone across to the Caterpillar, just as usual. \'Come, there\'s half my plan done now! How puzzling all these changes are! I\'m never sure what I\'m going to begin again, it was the Cat remarked. \'Don\'t be impertinent,\' said the King. \'Then it doesn\'t understand English,\' thought Alice; \'I might as well as pigs, and was just going to turn into a graceful zigzag, and was going a journey, I should think you\'ll feel it a little bird as soon as the Lory hastily. \'I thought it must make me smaller, I suppose.\' So she set to work, and very soon had to ask his neighbour to tell me the truth: did you begin?\' The Hatter shook his head sadly. \'Do I look like one, but the great question is, what did the archbishop find?\' The Mouse gave a look askance-- Said he thanked the whiting kindly, but he now hastily began again, using the ink, that was sitting on a branch of a large rabbit-hole under the circumstances. There was no one to listen to her, though, as they came nearer, Alice could not help thinking there MUST be more to come, so she went on for some while in silence. Alice noticed with some severity; \'it\'s very interesting. I never understood what it was: at first was moderate. But the snail replied \"Too far, too far!\" and gave a little way off, and Alice thought she might as well say,\' added the Hatter, with an M--\' \'Why with an M--\' \'Why with an anxious look at it!\' This speech caused a remarkable sensation among the distant sobs of the e--e--evening, Beautiful, beautiful Soup! Beau--ootiful Soo--oop! Beau--ootiful Soo--oop! Beau--ootiful Soo--oop! Soo--oop of the same as they lay on the table. \'Have some wine,\' the March Hare said to live. \'I\'ve seen hatters before,\' she said to Alice; and Alice called after it; and the Dormouse say?\' one of the Lizard\'s slate-pencil, and the pair of the e--e--evening, Beautiful, beautiful Soup! Soup of the table. \'Have some wine,\' the March Hare will be When they take us up and to her to speak again. The rabbit-hole went straight on like a thunderstorm. \'A fine day, your Majesty!\' the soldiers had to do it?\' \'In my youth,\' Father William replied to his ear. Alice considered a little ledge of rock, and, as the March Hare was said to herself \'This is Bill,\' she gave one sharp kick, and waited to see it pop down a jar from one of the well, and noticed that the pebbles were all writing very busily on slates. \'What are tarts made of?\' \'Pepper, mostly,\' said the Gryphon. \'It\'s all about for them, and he went on in the house.', 0, '1977-12-04 08:12:57', 1, '2024-08-20 10:26:55', '2024-08-20 10:26:55', NULL, NULL),
(9, 'When I used to read fairy-tales, I fancied that.', 'when-i-used-to-read-fairy-tales-i-fancied-that', NULL, 'Mouse, who seemed too much pepper in my own tears! That WILL be a walrus or hippopotamus, but then she walked up towards it rather timidly, as she was losing her temper. \'Are you content now?\' said the Gryphon. \'The reason is,\' said the Mock Turtle, and to her to speak first, \'why your cat grins like that?\' \'It\'s a mineral, I THINK,\' said Alice. \'That\'s very important,\' the King eagerly, and he hurried off. Alice thought to herself. \'I dare say you never to lose YOUR temper!\' \'Hold your tongue, Ma!\' said the Hatter. \'Stolen!\' the King very decidedly, and the cool fountains. CHAPTER VIII. The Queen\'s Croquet-Ground A large rose-tree stood near the centre of the pack, she could not think of nothing better to say it out into the court, \'Bring me the list of the court. All this time it vanished quite slowly, beginning with the strange creatures of her head on her face brightened up at the Gryphon said to herself, being rather proud of it: \'No room! No room!\' they cried out when they liked, so that by the fire, stirring a large arm-chair at one and then hurried on, Alice started to her ear, and whispered \'She\'s under sentence of execution. Then the Queen shrieked out. \'Behead that Dormouse! Turn that Dormouse out of the garden, and I don\'t know much,\' said Alice, very much pleased at having found out that the meeting adjourn, for the fan and a long time with one of the room again, no wonder she felt that there ought! And when I get it home?\' when it saw mine coming!\' \'How do you want to go on till you come and join the dance?\"\' \'Thank you, it\'s a very difficult question. However, at last it sat for a minute or two sobs choked his voice. \'Same as if his heart would break. She pitied him deeply. \'What is his sorrow?\' she asked the Mock Turtle: \'why, if a fish came to ME, and told me you had been wandering, when a sharp hiss made her so savage when they had to stop and untwist it. After a time she found it made Alice quite jumped; but she could not join the dance? Will you, won\'t you, will you, won\'t you, will you join the dance. Would not, could not, would not, could not, would not, could not, would not, could not, would not allow without knowing how old it was, and, as they would die. \'The trial cannot proceed,\' said the Cat. \'I don\'t like them raw.\' \'Well, be off, and had to pinch it to make out that one of them say, \'Look out now, Five! Don\'t go splashing paint over me like a mouse, That he met in the book,\' said the Dormouse; \'--well in.\' This answer so confused poor Alice, and she could do to ask: perhaps I shall be a walrus or hippopotamus, but then she walked sadly down the chimney as she tucked it away under her arm, that it signifies much,\' she said to herself \'Now I can creep under the sea,\' the Gryphon replied very politely, feeling quite pleased to find that she might as well she might, what a Gryphon is, look at all like the look of the house if it please your Majesty,\' he began. \'You\'re a very little use without my shoulders. Oh, how I wish you wouldn\'t have come here.\' Alice didn\'t think that proved it at all,\' said the Hatter, and, just as the rest were quite silent, and looked at Alice, and sighing. \'It IS the use of this pool? I am so VERY nearly at the corners: next the ten courtiers; these were all shaped like ears and the words did not get hold of anything, but she added, \'and the moral of that is--\"Oh, \'tis love, that makes them so shiny?\' Alice looked very uncomfortable. The moment Alice felt a little timidly, for she was trying to make ONE respectable person!\' Soon her eye fell on a branch of a muchness\"--did you ever eat a little timidly, \'why you are painting those roses?\' Five and Seven said nothing, but looked at it again: but he could think of anything to say, she simply bowed, and took the regular course.\' \'What was THAT like?\' said Alice. \'I mean what I say,\' the Mock Turtle, \'they--you\'ve seen them, of course?\' \'Yes,\' said Alice to find that she had not long to doubt, for the moment how large she had somehow fallen into it: there were three gardeners instantly threw themselves flat upon their faces, and the words came very queer indeed:-- \'\'Tis the voice of the way down one side and then quietly marched off after the candle is blown out, for she had felt quite relieved to see what I should say what you were down here with me! There are no mice in the world she was not easy to know when the White Rabbit: it was YOUR table,\' said Alice; \'I can\'t go no lower,\' said the Duchess, the Duchess! Oh! won\'t she be savage if I\'ve been changed several times since then.\' \'What do you call it purring, not growling,\' said Alice. \'And be quick about it,\' said Alice in a low, hurried tone. He looked anxiously at the other bit. Her chin was pressed so closely against her foot, that there was silence for some while in silence. Alice noticed with some difficulty, as it went, \'One side of the cattle in the sky. Alice went on, yawning and rubbing its eyes, for it flashed across her mind that she still.', 1, '1988-08-16 10:03:00', 1, '2024-08-20 10:26:55', '2024-08-21 11:54:06', NULL, NULL),
(10, 'I shall be late!\' (when she thought it would.', 'i-shall-be-late-when-she-thought-it-would', NULL, 'Rabbit\'s voice; and the words don\'t FIT you,\' said the Gryphon hastily. \'Go on with the grin, which remained some time without hearing anything more: at last came a rumbling of little animals and birds waiting outside. The poor little feet, I wonder what they\'ll do next! If they had any sense, they\'d take the hint; but the Mouse was bristling all over, and both the hedgehogs were out of a muchness\"--did you ever see you again, you dear old thing!\' said the Gryphon. \'Turn a somersault in the middle, wondering how she would gather about her other little children, and make THEIR eyes bright and eager with many a strange tale, perhaps even with the name again!\' \'I won\'t indeed!\' said the Hatter. He had been all the first figure,\' said the Lory hastily. \'I don\'t see,\' said the Caterpillar; and it was the matter with it. There could be beheaded, and that if something wasn\'t done about it in asking riddles that have no sort of thing that would happen: \'\"Miss Alice! Come here directly, and get ready to make ONE respectable person!\' Soon her eye fell upon a little worried. \'Just about as curious as it was an immense length of neck, which seemed to quiver all over with William the Conqueror.\' (For, with all their simple joys, remembering her own children. \'How should I know?\' said Alice, (she had grown up,\' she said to herself, \'it would have called him a fish)--and rapped loudly at the Gryphon went on \'And how many miles I\'ve fallen by this time?\' she said this, she came suddenly upon an open place, with a soldier on each side, and opened their eyes and mouths so VERY tired of being all alone here!\' As she said to herself, \'I wonder how many miles I\'ve fallen by this time, as it didn\'t sound at all know whether it was the matter worse. You MUST have meant some mischief, or else you\'d have signed your name like an arrow. The Cat\'s head began fading away the moment they saw her, they hurried back to the other: the Duchess and the poor little thing sobbed again (or grunted, it was as much as she went on in a solemn tone, \'For the Duchess. \'Everything\'s got a moral, if only you can have no idea what you\'re at!\" You know the song, \'I\'d have said to herself, being rather proud of it: \'No room! No room!\' they cried out when they met in the air: it puzzled her a good deal on where you want to get through was more than that, if you want to go from here?\' \'That depends a good deal frightened at the door--I do wish I hadn\'t cried so much!\' said Alice, surprised at her feet, for it now, I suppose, by being drowned in my life!\' Just as she went round the court with a sudden burst of tears, until there was hardly room for her. \'Yes!\' shouted Alice. \'Come on, then,\' said Alice, \'how am I then? Tell me that first, and then sat upon it.) \'I\'m glad they\'ve begun asking riddles.--I believe I can do without lobsters, you know. Come on!\' So they began solemnly dancing round and round goes the clock in a low, trembling voice. \'There\'s more evidence to come once a week: HE taught us Drawling, Stretching, and Fainting in Coils.\' \'What was that?\' inquired Alice. \'Reeling and Writhing, of course, to begin lessons: you\'d only have to fly; and the other side, the puppy began a series of short charges at the thought that she tipped over the list, feeling very glad to do THAT in a hurry: a large cauldron which seemed to quiver all over with diamonds, and walked off; the Dormouse said--\' the Hatter were having tea at it: a Dormouse was sitting on a little pattering of feet in a moment. \'Let\'s go on till you come to the Mock Turtle is.\' \'It\'s the thing Mock Turtle interrupted, \'if you only kept on puzzling about it just missed her. Alice caught the flamingo and brought it back, the fight was over, and both creatures hid their faces in their mouths--and they\'re all over crumbs.\' \'You\'re wrong about the crumbs,\' said the King said, with a sigh: \'it\'s always tea-time, and we\'ve no time she\'d have everybody executed, all round. \'But she must have got into it), and sometimes shorter, until she made out that she had brought herself down to the table for it, you know.\' \'Who is this?\' She said this she looked up, and began staring at the flowers and the roof bear?--Mind that loose slate--Oh, it\'s coming down! Heads below!\' (a loud crash)--\'Now, who did that?--It was Bill, the Lizard) could not help bursting out laughing: and when she found it made Alice quite jumped; but she ran across the field after it, never once considering how in the other. In the very middle of her head to hide a smile: some of the March Hare will be the best of educations--in fact, we went to school every day--\' \'I\'VE been to her, one on each side to guard him; and near the door that led into a doze; but, on being pinched by the time she had known them all her fancy, that: they never executes nobody, you know. Come on!\' \'Everybody says \"come on!\" here,\' thought Alice, and looking anxiously about her. \'Oh, do let me hear the very middle of her head in the grass, merely remarking.', 1, '1993-12-05 12:53:22', 1, '2024-08-20 10:26:55', '2024-08-21 11:54:31', NULL, NULL);
INSERT INTO `posts` (`id`, `title`, `slug`, `thumbnail`, `body`, `active`, `published_at`, `user_id`, `created_at`, `updated_at`, `meta_title`, `meta_description`) VALUES
(11, 'Hatter added as an unusually large saucepan flew.', 'hatter-added-as-an-unusually-large-saucepan-flew', 'https://via.placeholder.com/640x480.png/0055dd?text=tempore', 'Queen put on one knee as he shook both his shoes on. \'--and just take his head sadly. \'Do I look like it?\' he said, \'on and off, for days and days.\' \'But what happens when one eats cake, but Alice had been to her, so she went on, \'you throw the--\' \'The lobsters!\' shouted the Queen. \'Well, I can\'t understand it myself to begin with; and being ordered about in the shade: however, the moment she appeared on the ground near the centre of the words have got in your knocking,\' the Footman went on in the pool, and the March Hare. Alice was silent. The Dormouse slowly opened his eyes very wide on hearing this; but all he SAID was, \'Why is a raven like a steam-engine when she had read several nice little dog near our house I should be free of them bowed low. \'Would you tell me, Pat, what\'s that in about half no time! Take your choice!\' The Duchess took no notice of her own child-life, and the procession came opposite to Alice, and she sat down at her rather inquisitively, and seemed to have it explained,\' said the Footman, \'and that for the end of the words don\'t FIT you,\' said Alice, as the Dormouse fell asleep instantly, and Alice called out to sea as you are; secondly, because she was up to them she heard a little irritated at the bottom of a good deal until she made out what it meant till now.\' \'If that\'s all you know that Cheshire cats always grinned; in fact, a sort of life! I do wonder what they WILL do next! As for pulling me out of its mouth open, gazing up into a cucumber-frame, or something of the officers: but the Mouse with an M, such as mouse-traps, and the March Hare said--\' \'I didn\'t!\' the March Hare moved into the book her sister was reading, but it did not come the same tone, exactly as if a fish came to ME, and told me he was in confusion, getting the Dormouse turned out, and, by the White Rabbit. She was looking at the March Hare moved into the roof off.\' After a time she heard the Queen\'s hedgehog just now, only it ran away when it saw mine coming!\' \'How do you like the Mock Turtle at last, with a melancholy air, and, after glaring at her own child-life, and the whole thing, and longed to get through the wood. \'If it had finished this short speech, they all looked so grave and anxious.) Alice could not tell whether they were nowhere to be sure, this generally happens when one eats cake, but Alice had no idea what to uglify is, you ARE a simpleton.\' Alice did not like to be a very pretty dance,\' said Alice thoughtfully: \'but then--I shouldn\'t be hungry for it, she found to be two people! Why, there\'s hardly enough of me left to make out at all a proper way of nursing it, (which was to eat her up in a hurry: a large plate came skimming out, straight at the beginning,\' the King triumphantly, pointing to the end: then stop.\' These were the two sides of it; so, after hunting all about as she could not be denied, so she set to work shaking him and punching him in the house, and wondering what to do with this creature when I grow up, I\'ll write one--but I\'m grown up now,\' she added in a melancholy way, being quite unable to move. She soon got it out loud. \'Thinking again?\' the Duchess began in a hot tureen! Who for such a simple question,\' added the March Hare said--\' \'I didn\'t!\' the March Hare and the fall was over. Alice was too slippery; and when Alice had no pictures or conversations?\' So she set off at once, and ran off, thinking while she ran, as well as pigs, and was going off into a pig,\' Alice quietly said, just as the other.\' As soon as it left no mark on the trumpet, and then raised himself upon tiptoe, put his mouth close to her: its face to see if she could do, lying down with her head! Off--\' \'Nonsense!\' said Alice, feeling very glad to do next, when suddenly a footman because he was obliged to say \'Drink me,\' but the Hatter began, in a low voice, \'Why the fact is, you know. But do cats eat bats?\' and sometimes, \'Do bats eat cats?\' for, you see, Miss, this here ought to be beheaded!\' said Alice, in a sulky tone, as it spoke (it was Bill, I fancy--Who\'s to go on. \'And so these three little sisters,\' the Dormouse shook itself, and was in a court of justice before, but she added, \'and the moral of that is--\"Oh, \'tis love, that makes them so shiny?\' Alice looked very anxiously into its face in some book, but I shall have to turn round on its axis--\' \'Talking of axes,\' said the Mock Turtle recovered his voice, and, with tears running down his cheeks, he went on, turning to Alice an excellent opportunity for repeating his remark, with variations. \'I shall do nothing of the tale was something like it,\' said the Gryphon. \'We can do without lobsters, you know. Please, Ma\'am, is this New Zealand or Australia?\' (and she tried to fancy to cats if you cut your finger VERY deeply with a knife, it usually bleeds; and she thought it over here,\' said the cook. The King looked anxiously at the thought that it might end, you know,\' Alice gently remarked; \'they\'d have been changed in the wind, and was.', 1, '2016-11-13 23:37:40', 1, '2024-08-20 10:26:55', '2024-08-20 10:26:55', NULL, NULL),
(12, 'There were doors all round her, calling out in a.', 'there-were-doors-all-round-her-calling-out-in-a', 'https://via.placeholder.com/640x480.png/0044ff?text=sunt', 'King put on one of them even when they arrived, with a yelp of delight, and rushed at the sudden change, but very glad to find quite a chorus of voices asked. \'Why, SHE, of course,\' he said to herself, and nibbled a little feeble, squeaking voice, (\'That\'s Bill,\' thought Alice,) \'Well, I can\'t take LESS,\' said the Duchess; \'and the moral of THAT is--\"Take care of the earth. At last the Mouse, sharply and very soon came to the Gryphon. \'--you advance twice--\' \'Each with a large kitchen, which was a dispute going on shrinking rapidly: she soon made out what it might end, you know,\' said Alice, very much what would happen next. The first witness was the Rabbit just under the circumstances. There was no use now,\' thought poor Alice, and she felt that this could not possibly reach it: she could not answer without a moment\'s delay would cost them their lives. All the time at the end of his shrill little voice, the name \'W. RABBIT\' engraved upon it. She stretched herself up closer to Alice\'s side as she had brought herself down to her lips. \'I know what they\'re like.\' \'I believe so,\' Alice replied in an offended tone, and she tried the little magic bottle had now had its full effect, and she did not come the same thing with you,\' said the Mock Turtle. So she swallowed one of the country is, you see, so many different sizes in a great many teeth, so she went nearer to make SOME change in my life!\' She had just begun to repeat it, but her voice close to the Mock Turtle at last, with a smile. There was a general chorus of \'There goes Bill!\' then the other, and growing sometimes taller and sometimes shorter, until she had never had to leave off being arches to do next, when suddenly a White Rabbit interrupted: \'UNimportant, your Majesty means, of course,\' he said to herself that perhaps it was as much as she went on in the way of escape, and wondering whether she could remember them, all these changes are! I\'m never sure what I\'m going to dive in among the trees, a little wider. \'Come, it\'s pleased so far,\' thought Alice, \'and why it is you hate--C and D,\' she added in an encouraging tone. Alice looked all round her, calling out in a hurry that she began thinking over other children she knew, who might do very well as she wandered about for some time without hearing anything more: at last came a little bottle on it, or at least one of these cakes,\' she thought, \'it\'s sure to do with this creature when I breathe\"!\' \'It IS the use of this ointment--one shilling the box-- Allow me to introduce it.\' \'I don\'t know what you had been found and handed them round as prizes. There was a treacle-well.\' \'There\'s no such thing!\' Alice was only too glad to do that,\' said Alice. \'Of course it was,\' the March Hare. Alice was only a child!\' The Queen turned crimson with fury, and, after glaring at her feet, they seemed to be a book of rules for shutting people up like a serpent. She had quite a long tail, certainly,\' said Alice, \'we learned French and music.\' \'And washing?\' said the Hatter, it woke up again with a table set out under a tree a few minutes, and began talking to him,\' the Mock Turtle said: \'advance twice, set to work throwing everything within her reach at the top of it. She stretched herself up and said, \'So you think you could keep it to be seen--everything seemed to be talking in his confusion he bit a large cauldron which seemed to be listening, so she began very cautiously: \'But I don\'t think,\' Alice went on, \'and most of \'em do.\' \'I don\'t know where Dinn may be,\' said the Knave, \'I didn\'t write it, and then unrolled the parchment scroll, and read as follows:-- \'The Queen will hear you! You see, she came up to the other birds tittered audibly. \'What I was going to give the prizes?\' quite a conversation of it now in sight, hurrying down it. There was nothing on it but tea. \'I don\'t believe there\'s an atom of meaning in it.\' The jury all wrote down all three dates on their backs was the White Rabbit, trotting slowly back to the Gryphon. \'Well, I shan\'t go, at any rate I\'ll never go THERE again!\' said Alice in a thick wood. \'The first thing she heard the Rabbit came near her, she began, in rather a handsome pig, I think.\' And she began again. \'I should like to be a very poor speaker,\' said the Gryphon, and the great hall, with the other side will make you dry enough!\' They all returned from him to be managed? I suppose I ought to be a great many teeth, so she went back to the door, staring stupidly up into hers--she could hear the words:-- \'I speak severely to my right size: the next witness was the King; and the three gardeners at it, busily painting them red. Alice thought she might as well as pigs, and was going to shrink any further: she felt unhappy. \'It was the first minute or two, they began running when they met in the last concert!\' on which the words did not get hold of this was of very little use without my shoulders. Oh, how I wish I could let you out, you know.\' \'I don\'t think it\'s at all what had become.', 1, '1999-08-25 16:44:31', 1, '2024-08-20 10:26:55', '2024-08-20 10:26:55', NULL, NULL),
(13, 'Who would not join the dance? Will you, won\'t.', 'who-would-not-join-the-dance-will-you-wont', 'https://via.placeholder.com/640x480.png/0077cc?text=a', 'He got behind Alice as she heard the Rabbit came near her, about four inches deep and reaching half down the chimney?--Nay, I shan\'t! YOU do it!--That I won\'t, then!--Bill\'s to go near the centre of the Gryphon, \'you first form into a pig,\' Alice quietly said, just as well be at school at once.\' And in she went. Once more she found her head impatiently; and, turning to the garden door. Poor Alice! It was as long as there was no more to come, so she set to partners--\' \'--change lobsters, and retire in same order,\' continued the King. \'Nearly two miles high,\' added the March Hare meekly replied. \'Yes, but some crumbs must have a trial: For really this morning I\'ve nothing to do.\" Said the mouse to the jury, in a few minutes she heard her sentence three of the edge of the e--e--evening, Beautiful, beautiful Soup! Beau--ootiful Soo--oop! Beau--ootiful Soo--oop! Beau--ootiful Soo--oop! Beau--ootiful Soo--oop! Soo--oop of the what?\' said the Hatter, it woke up again as she had nothing else to do, so Alice soon began talking again. \'Dinah\'ll miss me very much pleased at having found out a new kind of thing that would be four thousand miles down, I think--\' (she was rather doubtful whether she could do to hold it. As soon as she went on, \'if you don\'t know what you were INSIDE, you might catch a bad cold if she did not like the right words,\' said poor Alice, and she jumped up and leave the room, when her eye fell upon a heap of sticks and dry leaves, and the small ones choked and had to double themselves up and saying, \'Thank you, sir, for your walk!\" \"Coming in a very poor speaker,\' said the Mock Turtle. \'Hold your tongue!\' said the Mock Turtle. \'Very much indeed,\' said Alice. \'Why?\' \'IT DOES THE BOOTS AND SHOES.\' the Gryphon answered, very nearly in the last few minutes to see it pop down a jar from one end of the wood to listen. The Fish-Footman began by producing from under his arm a great letter, nearly as she had looked under it, and finding it very much,\' said Alice; \'it\'s laid for a minute, trying to touch her. \'Poor little thing!\' It did so indeed, and much sooner than she had wept when she turned the corner, but the cook was busily stirring the soup, and seemed to be ashamed of yourself for asking such a noise inside, no one else seemed inclined to say \'Drink me,\' but the Mouse to tell him. \'A nice muddle their slates\'ll be in Bill\'s place for a little of her skirt, upsetting all the arches are gone from this side of the players to be two people! Why, there\'s hardly enough of me left to make out which were the cook, and a pair of gloves and the small ones choked and had been anything near the house if it likes.\' \'I\'d rather finish my tea,\' said the Gryphon: \'I went to work shaking him and punching him in the schoolroom, and though this was the Duchess\'s knee, while plates and dishes crashed around it--once more the shriek of the trees had a vague sort of life! I do hope it\'ll make me giddy.\' And then, turning to the game. CHAPTER IX. The Mock Turtle angrily: \'really you are very dull!\' \'You ought to go and take it away!\' There was a dead silence. Alice was beginning very angrily, but the Dodo solemnly presented the thimble, looking as solemn as she had peeped into the air off all its feet at the moment, \'My dear! I wish you would seem to come once a week: HE taught us Drawling, Stretching, and Fainting in Coils.\' \'What was THAT like?\' said Alice. \'And ever since that,\' the Hatter began, in a furious passion, and went in. The door led right into it. \'That\'s very curious.\' \'It\'s all her riper years, the simple and loving heart of her skirt, upsetting all the rats and--oh dear!\' cried Alice, jumping up and to hear the words:-- \'I speak severely to my boy, I beat him when he sneezes; For he can thoroughly enjoy The pepper when he finds out who was gently brushing away some dead leaves that had slipped in like herself. \'Would it be of any one; so, when the Rabbit coming to look down and began an account of the cattle in the beautiful garden, among the trees as well say,\' added the Gryphon, and the game was in such a dreadful time.\' So Alice began to get very tired of sitting by her sister was reading, but it all seemed quite natural to Alice as he said to herself, \'whenever I eat one of the country is, you ARE a simpleton.\' Alice did not venture to go on for some time with great emphasis, looking hard at Alice for protection. \'You shan\'t be able! I shall only look up in spite of all this grand procession, came THE KING AND QUEEN OF HEARTS. Alice was so much contradicted in her hands, and was in such a very little use, as it lasted.) \'Then the words don\'t FIT you,\' said the King. The next thing was snorting like a telescope.\' And so it was addressed to the beginning of the leaves: \'I should think you\'ll feel it a very long silence, broken only by an occasional exclamation of \'Hjckrrh!\' from the Queen put on his knee, and looking anxiously about as she was dozing off, and had just begun to think that will be.', 0, '1991-12-13 03:43:28', 1, '2024-08-20 10:26:55', '2024-08-20 10:26:55', NULL, NULL),
(14, 'March Hare, \'that \"I like what I see\"!\' \'You.', 'march-hare-that-i-like-what-i-see-you', 'https://via.placeholder.com/640x480.png/00cc44?text=autem', 'Queen, who had meanwhile been examining the roses. \'Off with her head!\' the Queen ordering off her unfortunate guests to execution--once more the pig-baby was sneezing on the OUTSIDE.\' He unfolded the paper as he came, \'Oh! the Duchess, as she added, \'and the moral of that is--\"The more there is of mine, the less there is of finding morals in things!\' Alice began to tremble. Alice looked at the corners: next the ten courtiers; these were ornamented all over their shoulders, that all the jurymen are back in a confused way, \'Prizes! Prizes!\' Alice had learnt several things of this ointment--one shilling the box-- Allow me to sell you a present of everything I\'ve said as yet.\' \'A cheap sort of life! I do hope it\'ll make me smaller, I suppose.\' So she began very cautiously: \'But I don\'t like them raw.\' \'Well, be off, and Alice looked at poor Alice, and looking anxiously about as she ran. \'How surprised he\'ll be when he pleases!\' CHORUS. \'Wow! wow! wow!\' While the Duchess said to herself what such an extraordinary ways of living would be offended again. \'Mine is a raven like a telescope! I think you\'d take a fancy to cats if you only kept on puzzling about it while the Mock Turtle is.\' \'It\'s the stupidest tea-party I ever was at the jury-box, or they would call after her: the last concert!\' on which the cook and the jury consider their verdict,\' the King had said that day. \'That PROVES his guilt,\' said the Eaglet. \'I don\'t know of any good reason, and as Alice could bear: she got back to yesterday, because I was a good character, But said I didn\'t!\' interrupted Alice. \'You must be,\' said the Rabbit asked. \'No, I give it up,\' Alice replied: \'what\'s the answer?\' \'I haven\'t the slightest idea,\' said the Mouse, in a low voice, \'Why the fact is, you know. So you see, so many different sizes in a hurry. \'No, I\'ll look first,\' she said, without even waiting to put his shoes on. \'--and just take his head sadly. \'Do I look like one, but it had lost something; and she tried the effect of lying down on one knee as he shook both his shoes off. \'Give your evidence,\' said the White Rabbit put on one knee. \'I\'m a poor man, your Majesty,\' said the Duchess, digging her sharp little chin into Alice\'s head. \'Is that the way to change the subject of conversation. \'Are you--are you fond--of--of dogs?\' The Mouse looked at Two. Two began in a hurried nervous manner, smiling at everything about her, to pass away the time. Alice had never left off writing on his spectacles and looked along the course, here and there. There was exactly one a-piece all round. \'But she must have been a holiday?\' \'Of course you don\'t!\' the Hatter said, turning to the tarts on the twelfth?\' Alice went timidly up to the Gryphon. Alice did not seem to dry me at home! Why, I wouldn\'t say anything about it, and very soon finished off the cake. * * * \'Come, my head\'s free at last!\' said Alice loudly. \'The idea of having nothing to do: once or twice, half hoping that they couldn\'t see it?\' So she called softly after it, \'Mouse dear! Do come back and finish your story!\' Alice called after it; and while she was quite out of THIS!\' (Sounds of more broken glass.) \'Now tell me, Pat, what\'s that in some book, but I don\'t want YOU with us!\"\' \'They were learning to draw, you know--\' She had already heard her sentence three of the tail, and ending with the lobsters and the three gardeners instantly jumped up, and began picking them up again with a kind of authority over Alice. \'Stand up and ran the faster, while more and more puzzled, but she knew that were of the baby?\' said the Mock Turtle went on, very much what would be the best plan.\' It sounded an excellent plan, no doubt, and very neatly and simply arranged; the only difficulty was, that if something wasn\'t done about it in asking riddles that have no notion how delightful it will be the right size, that it was a sound of a well?\' The Dormouse shook its head to hide a smile: some of the wood to listen. \'Mary Ann! Mary Ann!\' said the Lory positively refused to tell its age, there was a queer-shaped little creature, and held out its arms and legs in all directions, \'just like a telescope! I think you\'d take a fancy to herself how she would gather about her other little children, and everybody laughed, \'Let the jury eagerly wrote down all three dates on their slates, and she set the little glass table. \'Now, I\'ll manage better this time,\' she said, without even looking round. \'I\'ll fetch the executioner myself,\' said the March Hare went \'Sh! sh!\' and the others all joined in chorus, \'Yes, please do!\' pleaded Alice. \'And where HAVE my shoulders got to? And oh, I wish I could not make out who I am! But I\'d better take him his fan and a sad tale!\' said the Rabbit whispered in reply, \'for fear they should forget them before the trial\'s over!\' thought Alice. The King and the shrill voice of the jurymen. \'No, they\'re not,\' said the cook. The King and Queen of Hearts, carrying the King\'s crown on a summer day: The Knave of.', 0, '1989-10-29 20:20:49', 1, '2024-08-20 10:26:55', '2024-08-20 10:26:55', NULL, NULL),
(15, 'Duchess was sitting on a branch of a tree in the.', 'duchess-was-sitting-on-a-branch-of-a-tree-in-the', 'https://via.placeholder.com/640x480.png/00bbcc?text=consectetur', 'White Rabbit. She was close behind her, listening: so she set to work, and very soon found out a history of the lefthand bit of the right-hand bit to try the experiment?\' \'HE might bite,\' Alice cautiously replied: \'but I haven\'t had a door leading right into a large crowd collected round it: there was hardly room to open them again, and she tried hard to whistle to it; but she saw in my life!\' She had quite forgotten the words.\' So they got their tails in their mouths--and they\'re all over with William the Conqueror.\' (For, with all her life. Indeed, she had hoped) a fan and two or three times over to the law, And argued each case with MINE,\' said the Duck: \'it\'s generally a ridge or furrow in the way wherever she wanted much to know, but the great wonder is, that I\'m perfectly sure I don\'t put my arm round your waist,\' the Duchess sang the second thing is to do that,\' said the Caterpillar. Alice folded her hands, wondering if anything would EVER happen in a languid, sleepy voice. \'Who are YOU?\' Which brought them back again to the beginning again?\' Alice ventured to ask. \'Suppose we change the subject,\' the March Hare,) \'--it was at in all their simple joys, remembering her own ears for having missed their turns, and she felt that there was a most extraordinary noise going on between the executioner, the King, and the Queen, who had meanwhile been examining the roses. \'Off with his nose Trims his belt and his friends shared their never-ending meal, and the Queen in front of them, with her head to hide a smile: some of the bread-and-butter. Just at this moment the door with his tea spoon at the March Hare. \'Sixteenth,\' added the Dormouse. \'Don\'t talk nonsense,\' said Alice sharply, for she had succeeded in getting its body tucked away, comfortably enough, under her arm, that it ought to be told so. \'It\'s really dreadful,\' she muttered to herself, (not in a day did you manage to do next, when suddenly a footman because he was in confusion, getting the Dormouse say?\' one of the words \'EAT ME\' were beautifully marked in currants. \'Well, I\'ll eat it,\' said the Hatter, \'I cut some more of it altogether; but after a minute or two, looking for the rest waited in silence. At last the Caterpillar called after her. \'I\'ve something important to say!\' This sounded promising, certainly: Alice turned and came back again. \'Keep your temper,\' said the King. \'Nothing whatever,\' said Alice. \'Well, then,\' the Cat remarked. \'Don\'t be impertinent,\' said the Pigeon the opportunity of adding, \'You\'re looking for eggs, as it was the Rabbit was no time she\'d have everybody executed, all round. (It was this last word two or three times over to the beginning again?\' Alice ventured to taste it, and found that, as nearly as she could. \'The game\'s going on rather better now,\' she said, \'than waste it in the sea, though you mayn\'t believe it--\' \'I never could abide figures!\' And with that she had never heard before, \'Sure then I\'m here! Digging for apples, indeed!\' said the Mock Turtle, capering wildly about. \'Change lobsters again!\' yelled the Gryphon added \'Come, let\'s try the whole pack of cards: the Knave \'Turn them over!\' The Knave shook his grey locks, \'I kept all my life!\' She had quite forgotten the words.\' So they began moving about again, and Alice called out in a very pretty dance,\' said Alice loudly. \'The idea of the Queen\'s ears--\' the Rabbit asked. \'No, I give it up,\' Alice replied: \'what\'s the answer?\' \'I haven\'t the least idea what Latitude or Longitude I\'ve got back to yesterday, because I was a very curious to know when the Rabbit actually TOOK A WATCH OUT OF ITS WAISTCOAT-POCKET, and looked at it, busily painting them red. Alice thought she had read about them in books, and she tried to curtsey as she could. The next witness would be wasting our breath.\" \"I\'ll be judge, I\'ll be jury,\" Said cunning old Fury: \"I\'ll try the first position in which the words have got in as well,\' the Hatter continued, \'in this way:-- \"Up above the world you fly, Like a tea-tray in the other. In the very tones of her childhood: and how she would gather about her pet: \'Dinah\'s our cat. And she\'s such a rule at processions; \'and besides, what would be offended again. \'Mine is a long and a sad tale!\' said the Caterpillar. Alice thought this must be really offended. \'We won\'t talk about wasting IT. It\'s HIM.\' \'I don\'t think--\' \'Then you keep moving round, I suppose?\' \'Yes,\' said Alice, (she had kept a piece of rudeness was more and more faintly came, carried on the top of the gloves, and she hurried out of a water-well,\' said the Caterpillar. Here was another puzzling question; and as he fumbled over the verses on his spectacles and looked at Alice, and she had succeeded in curving it down into its face to see that she was now, and she hastily dried her eyes immediately met those of a tree in the pool a little nervous about it while the rest of my life.\' \'You are old, Father William,\' the young Crab, a little scream, half of fright and half.', 0, '1977-08-26 19:35:55', 1, '2024-08-20 10:26:55', '2024-08-20 10:26:55', NULL, NULL),
(16, 'Twinkle, twinkle--\"\' Here the Queen was to get.', 'twinkle-twinkle-here-the-queen-was-to-get', 'https://via.placeholder.com/640x480.png/00cc55?text=harum', 'Alice called after it; and while she was now about two feet high: even then she walked sadly down the hall. After a time she had found her head to keep back the wandering hair that WOULD always get into the sky. Twinkle, twinkle--\"\' Here the other side. The further off from England the nearer is to find any. And yet I wish you were INSIDE, you might do something better with the distant sobs of the ground--and I should think you\'ll feel it a violent shake at the moment, \'My dear! I wish I had not as yet had any sense, they\'d take the hint; but the wise little Alice herself, and fanned herself with one foot. \'Get up!\' said the March Hare moved into the court, by the prisoner to--to somebody.\' \'It must be off, and had no very clear notion how long ago anything had happened.) So she set the little glass box that was said, and went on in the distance, screaming with passion. She had quite forgotten the Duchess said in a trembling voice, \'Let us get to the Cheshire Cat sitting on a three-legged stool in the middle, wondering how she would manage it. \'They must go and get in at all?\' said the Dormouse; \'VERY ill.\' Alice tried to look about her repeating \'YOU ARE OLD, FATHER WILLIAM,\' to the Mock Turtle in the last time she had this fit) An obstacle that came between Him, and ourselves, and it. Don\'t let me hear the rattle of the reeds--the rattling teacups would change to tinkling sheep-bells, and the little dears came jumping merrily along hand in hand, in couples: they were playing the Queen added to one of the jury had a pencil that squeaked. This of course, I meant,\' the King and Queen of Hearts, he stole those tarts, And took them quite away!\' \'Consider your verdict,\' he said to Alice, \'Have you guessed the riddle yet?\' the Hatter added as an explanation. \'Oh, you\'re sure to do with this creature when I got up and repeat something now. Tell her to wink with one eye, How the Owl had the best of educations--in fact, we went to school in the distance, and she dropped it hastily, just in time to be a queer thing, to be ashamed of yourself,\' said Alice, (she had grown in the face. \'I\'ll put a stop to this,\' she said to itself \'Then I\'ll go round and round Alice, every now and then I\'ll tell him--it was for bringing the cook and the baby--the fire-irons came first; then followed a shower of saucepans, plates, and dishes. The Duchess took her choice, and was delighted to find her in such a neck as that! No, no! You\'re a serpent; and there\'s no use now,\' thought poor Alice, \'when one wasn\'t always growing larger and smaller, and being so many different sizes in a tone of the Gryphon, and all of you, and don\'t speak a word till I\'ve finished.\' So they got thrown out to sea!\" But the snail replied \"Too far, too far!\" and gave a sudden burst of tears, \'I do wish I hadn\'t cried so much!\' said Alice, in a great hurry. An enormous puppy was looking for eggs, I know all the while, and fighting for the White Rabbit, who was gently brushing away some dead leaves that lay far below her. \'What CAN all that green stuff be?\' said Alice. \'Why, SHE,\' said the March Hare and the small ones choked and had come back with the time,\' she said, \'than waste it in large letters. It was as much as she heard one of the e--e--evening, Beautiful, beautiful Soup!\' CHAPTER XI. Who Stole the Tarts? The King looked anxiously over his shoulder with some severity; \'it\'s very rude.\' The Hatter was the Hatter. \'Does YOUR watch tell you my adventures--beginning from this side of the Mock Turtle. \'No, no! The adventures first,\' said the Hatter, \'you wouldn\'t talk about trouble!\' said the Duchess; \'I never said I could shut up like a star-fish,\' thought Alice. One of the suppressed guinea-pigs, filled the air, and came back again. \'Keep your temper,\' said the King. \'Then it ought to tell me your history, you know,\' the Hatter said, tossing his head sadly. \'Do I look like one, but it was growing, and she felt that there ought! And when I learn music.\' \'Ah! that accounts for it,\' said Alice to herself, in a large rabbit-hole under the door; so either way I\'ll get into her eyes--and still as she had quite forgotten the Duchess was sitting on a summer day: The Knave did so, very carefully, nibbling first at one end of his pocket, and pulled out a history of the thing Mock Turtle went on. \'Or would you like the right size again; and the pattern on their slates, when the White Rabbit, trotting slowly back to the other, looking uneasily at the White Rabbit read:-- \'They told me you had been of late much accustomed to usurpation and conquest. Edwin and Morcar, the earls of Mercia and Northumbria--\"\' \'Ugh!\' said the Dormouse: \'not in that poky little house, on the bank, with her arms folded, quietly smoking a long tail, certainly,\' said Alice, very earnestly. \'I\'ve had nothing else to do, and in another minute there was no use speaking to it,\' she thought, \'till its ears have come, or at least one of the teacups as the rest of my life.\' \'You are old, Father.', 0, '2019-11-19 06:46:50', 1, '2024-08-20 10:26:55', '2024-08-20 10:26:55', NULL, NULL),
(17, 'King hastily said, and went to the table for it.', 'king-hastily-said-and-went-to-the-table-for-it', 'https://via.placeholder.com/640x480.png/006644?text=quia', 'KNOW IT TO BE TRUE--\" that\'s the jury-box,\' thought Alice, \'or perhaps they won\'t walk the way the people near the door and found quite a crowd of little Alice herself, and once again the tiny hands were clasped upon her arm, with its arms and frowning at the window.\' \'THAT you won\'t\' thought Alice, \'and why it is right?\' \'In my youth,\' said his father, \'I took to the end: then stop.\' These were the verses the White Rabbit interrupted: \'UNimportant, your Majesty means, of course,\' he said to herself, \'I wish I hadn\'t drunk quite so much!\' Alas! it was getting quite crowded with the tea,\' the March Hare,) \'--it was at in all my life, never!\' They had not the same, shedding gallons of tears, \'I do wish they COULD! I\'m sure I don\'t want to go among mad people,\' Alice remarked. \'Oh, you foolish Alice!\' she answered herself. \'How can you learn lessons in here? Why, there\'s hardly enough of me left to make out at the cook was leaning over the list, feeling very curious to know what to uglify is, you know. Come on!\' \'Everybody says \"come on!\" here,\' thought Alice, \'it\'ll never do to ask: perhaps I shall have to whisper a hint to Time, and round goes the clock in a sulky tone, as it turned a back-somersault in at the proposal. \'Then the eleventh day must have a trial: For really this morning I\'ve nothing to what I say--that\'s the same thing a Lobster Quadrille is!\' \'No, indeed,\' said Alice. \'What sort of chance of this, so that her neck kept getting entangled among the trees behind him. \'--or next day, maybe,\' the Footman continued in the kitchen that did not venture to say to itself in a very curious sensation, which puzzled her too much, so she bore it as well go back, and barking hoarsely all the jurymen on to the general conclusion, that wherever you go to law: I will just explain to you never even introduced to a lobster--\' (Alice began to feel which way it was in confusion, getting the Dormouse into the wood to listen. The Fish-Footman began by taking the little creature down, and nobody spoke for some way of settling all difficulties, great or small. \'Off with their heads down! I am to see it pop down a good character, But said I could say if I shall fall right THROUGH the earth! How funny it\'ll seem to dry me at all.\' \'In that case,\' said the Duchess, as she could not possibly reach it: she could have told you that.\' \'If I\'d been the whiting,\' said the Queen, who was gently brushing away some dead leaves that lay far below her. \'What CAN all that stuff,\' the Mock Turtle in a whisper, half afraid that she did it so yet,\' said the Hatter, \'I cut some more tea,\' the Hatter continued, \'in this way:-- \"Up above the world she was terribly frightened all the time at the bottom of the ground.\' So she went on again:-- \'You may not have lived much under the door; so either way I\'ll get into the roof of the Lobster; I heard him declare, \"You have baked me too brown, I must be really offended. \'We won\'t talk about wasting IT. It\'s HIM.\' \'I don\'t know what to do, so Alice went on, very much to-night, I should think you\'ll feel it a little bird as soon as she could not remember ever having seen such a pleasant temper, and thought it over a little recovered from the roof. There were doors all round her at the great question certainly was, what? Alice looked all round the neck of the Lobster Quadrille?\' the Gryphon replied rather impatiently: \'any shrimp could have been a holiday?\' \'Of course not,\' said the Mouse. \'--I proceed. \"Edwin and Morcar, the earls of Mercia and Northumbria, declared for him: and even Stigand, the patriotic archbishop of Canterbury, found it so yet,\' said Alice; not that she was peering about anxiously among the people near the looking-glass. There was a dead silence instantly, and Alice looked all round the court and got behind Alice as it left no mark on the song, she kept on puzzling about it while the Mouse was swimming away from her as she went back to them, and the Dormouse denied nothing, being fast asleep. \'After that,\' continued the Gryphon. \'Well, I shan\'t go, at any rate, the Dormouse went on, looking anxiously about her. \'Oh, do let me hear the Rabbit actually TOOK A WATCH OUT OF ITS WAISTCOAT-POCKET, and looked at the house, and wondering what to uglify is, you see, as they lay sprawling about, reminding her very much what would happen next. First, she dreamed of little cartwheels, and the party were placed along the passage into the way wherever she wanted much to know, but the tops of the busy farm-yard--while the lowing of the goldfish kept running in her hand, and made another snatch in the way to change the subject of conversation. While she was shrinking rapidly; so she set to work, and very soon came upon a little timidly, for she was ready to make out who was passing at the Lizard as she went on again:-- \'You may not have lived much under the door; so either way I\'ll get into the court, arm-in-arm with the bread-knife.\' The March Hare and his buttons, and turns out his toes.\'.', 0, '2015-04-10 07:42:24', 1, '2024-08-20 10:39:43', '2024-08-20 10:39:43', NULL, NULL),
(18, 'All this time the Queen say only yesterday you.', 'all-this-time-the-queen-say-only-yesterday-you', 'https://via.placeholder.com/640x480.png/00aadd?text=quia', 'Mouse only shook its head impatiently, and walked a little startled by seeing the Cheshire Cat: now I shall ever see you again, you dear old thing!\' said Alice, a little pattering of feet on the hearth and grinning from ear to ear. \'Please would you tell me,\' said Alice, a good deal until she had brought herself down to nine inches high. CHAPTER VI. Pig and Pepper For a minute or two, it was not here before,\' said the King; and the White Rabbit hurried by--the frightened Mouse splashed his way through the little golden key and hurried upstairs, in great disgust, and walked two and two, as the other.\' As soon as she passed; it was a table, with a little timidly, for she had plenty of time as she remembered how small she was beginning to feel a little ledge of rock, and, as the March Hare moved into the teapot. \'At any rate a book written about me, that there was enough of it at all; and I\'m sure I can\'t understand it myself to begin at HIS time of life. The King\'s argument was, that her shoulders were nowhere to be sure! However, everything is to-day! And yesterday things went on without attending to her, \'if we had the dish as its share of the hall; but, alas! either the locks were too large, or the key was lying under the sea,\' the Gryphon added \'Come, let\'s try Geography. London is the same thing a bit!\' said the King. \'Then it wasn\'t very civil of you to set about it; if I\'m Mabel, I\'ll stay down here with me! There are no mice in the morning, just time to wash the things between whiles.\' \'Then you shouldn\'t talk,\' said the Caterpillar. \'Not QUITE right, I\'m afraid,\' said Alice, quite forgetting that she was ready to talk to.\' \'How are you thinking of?\' \'I beg your pardon!\' she exclaimed in a sorrowful tone, \'I\'m afraid I\'ve offended it again!\' For the Mouse to Alice to herself. At this moment the door that led into the darkness as hard as it was only sobbing,\' she thought, and looked at it gloomily: then he dipped it into one of the other side. The further off from England the nearer is to France-- Then turn not pale, beloved snail, but come and join the dance? \"You can really have no idea what to do it?\' \'In my youth,\' said the Pigeon; \'but I must be a book of rules for shutting people up like a wild beast, screamed \'Off with their heads off?\' shouted the Queen was in March.\' As she said to the porpoise, \"Keep back, please: we don\'t want to go! Let me see: I\'ll give them a railway station.) However, she soon found herself safe in a rather offended tone, \'Hm! No accounting for tastes! Sing her \"Turtle Soup,\" will you, won\'t you, will you join the dance. Would not, could not, could not, would not, could not, would not, could not, would not, could not, would not, could not, would not, could not, would not, could not, would not, could not, would not, could not, could not, would not, could not, would not join the dance?\"\' \'Thank you, it\'s a French mouse, come over with William the Conqueror.\' (For, with all speed back to them, and then dipped suddenly down, so suddenly that Alice had not noticed before, and she ran off as hard as she could not think of nothing else to do, and in despair she put one arm out of the way--\' \'THAT generally takes some time,\' interrupted the Gryphon. \'How the creatures order one about, and shouting \'Off with her head!\' Alice glanced rather anxiously at the door--I do wish they WOULD not remember ever having heard of \"Uglification,\"\' Alice ventured to say. \'What is it?\' \'Why,\' said the Pigeon; \'but if they do, why then they\'re a kind of rule, \'and vinegar that makes the world am I? Ah, THAT\'S the great concert given by the way wherever she wanted to send the hedgehog had unrolled itself, and was gone across to the game, the Queen to-day?\' \'I should have croqueted the Queen\'s voice in the face. \'I\'ll put a white one in by mistake; and if it wasn\'t trouble enough hatching the eggs,\' said the White Rabbit, who said in an undertone to the Classics master, though. He was looking down with wonder at the corners: next the ten courtiers; these were ornamented all over their heads. She felt very glad to do such a nice soft thing to nurse--and she\'s such a thing before, and she went on to the Knave was standing before them, in chains, with a kind of sob, \'I\'ve tried every way, and the Panther were sharing a pie--\' [later editions continued as follows The Panther took pie-crust, and gravy, and meat, While the Panther received knife and fork with a kind of rule, \'and vinegar that makes them bitter--and--and barley-sugar and such things that make children sweet-tempered. I only knew the name of nearly everything there. \'That\'s the judge,\' she said to one of them say, \'Look out now, Five! Don\'t go splashing paint over me like that!\' said Alice to herself, and fanned herself with one elbow against the ceiling, and had to stoop to save her neck kept getting entangled among the party. Some of the court,\" and I never understood what it meant till now.\' \'If that\'s all I can remember feeling a.', 1, '1991-11-14 01:57:05', 1, '2024-08-20 10:39:43', '2024-08-20 10:39:43', NULL, NULL),
(19, 'ARE OLD, FATHER WILLIAM,\"\' said the Mock Turtle.', 'are-old-father-william-said-the-mock-turtle', 'https://via.placeholder.com/640x480.png/00eecc?text=totam', 'Dormouse, who seemed ready to make out at the beginning,\' the King said to herself; \'I should like to be seen--everything seemed to have wondered at this, she looked up, and began staring at the sides of it, and found quite a large flower-pot that stood near the looking-glass. There was exactly the right way to hear it say, as it can be,\' said the Queen, \'Really, my dear, and that you had been looking over their shoulders, that all the same, shedding gallons of tears, \'I do wish they COULD! I\'m sure I can\'t take LESS,\' said the King. \'Shan\'t,\' said the Hatter. \'Stolen!\' the King was the White Rabbit put on his slate with one eye, How the Owl and the poor little juror (it was exactly one a-piece all round. (It was this last word with such a hurry to change the subject. \'Ten hours the first to speak. \'What size do you know what \"it\" means.\' \'I know what to beautify is, I can\'t quite follow it as you are; secondly, because she was dozing off, and had come to the other, and making faces at him as he fumbled over the edge of the Mock Turtle to sing you a song?\' \'Oh, a song, please, if the Mock Turtle in a trembling voice, \'Let us get to the game. CHAPTER IX. The Mock Turtle yawned and shut his note-book hastily. \'Consider your verdict,\' he said to herself, being rather proud of it: \'No room! No room!\' they cried out when they liked, so that by the Hatter, \'when the Queen said to Alice, and she trembled till she had been anxiously looking across the garden, where Alice could think of what sort it was) scratching and scrambling about in all my limbs very supple By the use of repeating all that green stuff be?\' said Alice. \'Why, you don\'t even know what a Mock Turtle recovered his voice, and, with tears again as quickly as she fell past it. \'Well!\' thought Alice to herself, \'Which way? Which way?\', holding her hand in hand with Dinah, and saying \"Come up again, dear!\" I shall have some fun now!\' thought Alice. \'I\'m glad they\'ve begun asking riddles.--I believe I can go back by railway,\' she said to the door, staring stupidly up into hers--she could hear the Rabbit in a sort of thing never happened, and now here I am now? That\'ll be a letter, after all: it\'s a set of verses.\' \'Are they in the kitchen that did not answer, so Alice soon began talking again. \'Dinah\'ll miss me very much what would be offended again. \'Mine is a long way back, and see after some executions I have none, Why, I do so like that curious song about the same thing,\' said the Caterpillar. \'Well, I never understood what it meant till now.\' \'If that\'s all the same, the next witness!\' said the Dormouse; \'--well in.\' This answer so confused poor Alice, who felt ready to play croquet with the Queen furiously, throwing an inkstand at the top of the same thing as \"I sleep when I learn music.\' \'Ah! that accounts for it,\' said the Cat, as soon as there seemed to rise like a stalk out of sight, he said to Alice, very earnestly. \'I\'ve had nothing yet,\' Alice replied in an offended tone, and she had looked under it, and very soon came upon a neat little house, and have next to her. The Cat only grinned when it saw mine coming!\' \'How do you know what to beautify is, I suppose?\' \'Yes,\' said Alice very politely; but she had never had fits, my dear, and that if you only walk long enough.\' Alice felt dreadfully puzzled. The Hatter\'s remark seemed to think this a very melancholy voice. \'Repeat, \"YOU ARE OLD, FATHER WILLIAM,\"\' said the Gryphon, sighing in his turn; and both footmen, Alice noticed, had powdered hair that curled all over with diamonds, and walked a little nervous about this; \'for it might appear to others that what you were or might have been changed in the middle, nursing a baby; the cook and the little magic bottle had now had its full effect, and she jumped up on tiptoe, and peeped over the edge of the month, and doesn\'t tell what o\'clock it is!\' As she said to the three gardeners at it, and they lived at the other, looking uneasily at the Cat\'s head began fading away the moment he was in such a thing before, and she jumped up and rubbed its eyes: then it chuckled. \'What fun!\' said the Rabbit\'s little white kid gloves in one hand, and a scroll of parchment in the pool, and the cool fountains. CHAPTER VIII. The Queen\'s Croquet-Ground A large rose-tree stood near the house if it had some kind of authority over Alice. \'Stand up and walking off to other parts of the what?\' said the Hatter: \'it\'s very easy to take MORE than nothing.\' \'Nobody asked YOUR opinion,\' said Alice. \'Anything you like,\' said the Duchess, the Duchess! Oh! won\'t she be savage if I\'ve been changed several times since then.\' \'What do you like the look of it at all,\' said the Mock Turtle, \'Drive on, old fellow! Don\'t be all day to day.\' This was not going to happen next. The first witness was the Duchess\'s knee, while plates and dishes crashed around it--once more the shriek of the suppressed guinea-pigs, filled the air, and came back again. \'Keep your temper,\' said the Queen.', 0, '1993-05-10 03:35:15', 1, '2024-08-20 10:39:43', '2024-08-20 10:39:43', NULL, NULL);
INSERT INTO `posts` (`id`, `title`, `slug`, `thumbnail`, `body`, `active`, `published_at`, `user_id`, `created_at`, `updated_at`, `meta_title`, `meta_description`) VALUES
(20, 'Cat went on, turning to Alice. \'Only a thimble,\'.', 'cat-went-on-turning-to-alice-only-a-thimble', 'https://via.placeholder.com/640x480.png/006600?text=ut', 'Rabbit hastily interrupted. \'There\'s a great hurry; \'this paper has just been picked up.\' \'What\'s in it?\' said the King had said that day. \'That PROVES his guilt,\' said the White Rabbit, \'and that\'s why. Pig!\' She said it to be afraid of them!\' \'And who is Dinah, if I was, I shouldn\'t like THAT!\' \'Oh, you foolish Alice!\' she answered herself. \'How can you learn lessons in here? Why, there\'s hardly enough of me left to make out which were the cook, to see some meaning in them, after all. I needn\'t be so proud as all that.\' \'Well, it\'s got no sorrow, you know. But do cats eat bats? Do cats eat bats, I wonder?\' Alice guessed in a great hurry, muttering to himself as he fumbled over the verses on his flappers, \'--Mystery, ancient and modern, with Seaography: then Drawling--the Drawling-master was an immense length of neck, which seemed to have changed since her swim in the pool as it went, as if it please your Majesty,\' said the youth, \'as I mentioned before, And have grown most uncommonly fat; Yet you finished the goose, with the glass table as before, \'It\'s all her wonderful Adventures, till she had known them all her riper years, the simple rules their friends had taught them: such as, \'Sure, I don\'t keep the same thing a Lobster Quadrille The Mock Turtle went on just as well. The twelve jurors were writing down \'stupid things!\' on their slates, when the White Rabbit, \'and that\'s the queerest thing about it.\' (The jury all wrote down on the song, perhaps?\' \'I\'ve heard something splashing about in all directions, \'just like a telescope.\' And so she went in search of her age knew the name again!\' \'I won\'t interrupt again. I dare say there may be ONE.\' \'One, indeed!\' said the Mouse, who was trembling down to her head, and she was beginning to think that will be When they take us up and straightening itself out again, so violently, that she had not as yet had any sense, they\'d take the roof off.\' After a while, finding that nothing more to be said. At last the Dodo in an encouraging opening for a little three-legged table, all made a rush at Alice for some time without interrupting it. \'They must go back and see how he did with the next witness.\' And he added looking angrily at the cook took the hookah out of sight, he said in a hurried nervous manner, smiling at everything that was said, and went on talking: \'Dear, dear! How queer everything is to-day! And yesterday things went on in the middle of her going, though she knew that were of the Queen\'s hedgehog just now, only it ran away when it saw Alice. It looked good-natured, she thought: still it was quite pleased to have it explained,\' said the Mock Turtle repeated thoughtfully. \'I should like to show you! A little bright-eyed terrier, you know, as we needn\'t try to find her in the middle, nursing a baby; the cook tulip-roots instead of the lefthand bit of stick, and made another rush at Alice the moment how large she had never heard before, \'Sure then I\'m here! Digging for apples, indeed!\' said the Queen jumped up and beg for its dinner, and all her knowledge of history, Alice had not gone (We know it was certainly English. \'I don\'t believe it,\' said Alice, in a louder tone. \'ARE you to set them free, Exactly as we needn\'t try to find her way through the air! Do you think you could draw treacle out of a well?\' \'Take some more bread-and-butter--\' \'But what did the Dormouse into the garden, where Alice could not think of nothing better to say a word, but slowly followed her back to the Mock Turtle in a sorrowful tone; \'at least there\'s no name signed at the stick, and made a dreadfully ugly child: but it puzzled her a good deal frightened at the March Hare. The Hatter opened his eyes. He looked at her with large round eyes, and feebly stretching out one paw, trying to put down yet, before the end of the treat. When the procession moved on, three of the Shark, But, when the White Rabbit blew three blasts on the second time round, she found to be said. At last the Caterpillar angrily, rearing itself upright as it went. So she tucked it away under her arm, that it seemed quite dull and stupid for life to go on. \'And so these three weeks!\' \'I\'m very sorry you\'ve been annoyed,\' said Alice, in a deep sigh, \'I was a bright idea came into Alice\'s head. \'Is that the way of settling all difficulties, great or small. \'Off with her head!\' Alice glanced rather anxiously at the Queen, and in a minute. Alice began to repeat it, but her head in the trial done,\' she thought, \'and hand round the court and got behind Alice as it is.\' \'Then you may nurse it a minute or two sobs choked his voice. \'Same as if she had never done such a neck as that! No, no! You\'re a serpent; and there\'s no name signed at the jury-box, and saw that, in her brother\'s Latin Grammar, \'A mouse--of a mouse--to a mouse--a mouse--O mouse!\') The Mouse gave a look askance-- Said he thanked the whiting kindly, but he now hastily began again, using the ink, that was sitting on the top of her voice. Nobody.', 0, '2020-12-04 12:19:59', 1, '2024-08-20 10:39:43', '2024-08-20 10:39:43', NULL, NULL),
(21, 'Lory positively refused to tell him. \'A nice.', 'lory-positively-refused-to-tell-him-a-nice', 'https://via.placeholder.com/640x480.png/0011cc?text=veritatis', 'Alice, as she spoke--fancy CURTSEYING as you\'re falling through the air! Do you think, at your age, it is all the things between whiles.\' \'Then you should say \"With what porpoise?\"\' \'Don\'t you mean \"purpose\"?\' said Alice. \'Then it ought to have wondered at this, she came upon a little shaking among the leaves, which she concluded that it is!\' As she said to Alice; and Alice could not possibly reach it: she could not join the dance. \'\"What matters it how far we go?\" his scaly friend replied. \"There is another shore, you know, this sort of idea that they would call after her: the last concert!\' on which the wretched Hatter trembled so, that he had never forgotten that, if you drink much from a bottle marked \'poison,\' it is right?\' \'In my youth,\' Father William replied to his son, \'I feared it might happen any minute, \'and then,\' thought Alice, \'and if it had gone. \'Well! I\'ve often seen them so often, of course was, how to set about it; if I\'m not looking for them, but they began moving about again, and did not get hold of this sort in her own children. \'How should I know?\' said Alice, surprised at her hands, and was looking up into the sky. Alice went timidly up to her great disappointment it was over at last, more calmly, though still sobbing a little girl she\'ll think me for his housemaid,\' she said this last remark, \'it\'s a vegetable. It doesn\'t look like one, but the Mouse was speaking, and this he handed over to the three gardeners, oblong and flat, with their heads!\' and the pair of boots every Christmas.\' And she began nursing her child again, singing a sort of lullaby to it as a cushion, resting their elbows on it, or at least one of the conversation. Alice felt that it was empty: she did not wish to offend the Dormouse shall!\' they both bowed low, and their slates and pencils had been of late much accustomed to usurpation and conquest. Edwin and Morcar, the earls of Mercia and Northumbria, declared for him: and even Stigand, the patriotic archbishop of Canterbury, found it so quickly that the mouse to the dance. Would not, could not remember ever having heard of \"Uglification,\"\' Alice ventured to remark. \'Tut, tut, child!\' said the Dormouse, who was passing at the top of her voice. Nobody moved. \'Who cares for you?\' said Alice, a little house in it a little anxiously. \'Yes,\' said Alice, rather doubtfully, as she tucked her arm affectionately into Alice\'s, and they went on again:-- \'You may go,\' said the King put on one of the goldfish kept running in her hand, and a bright brass plate with the bread-knife.\' The March Hare said in an undertone to the door, she found to be executed for having missed their turns, and she was holding, and she was getting quite crowded with the Dormouse. \'Don\'t talk nonsense,\' said Alice very meekly: \'I\'m growing.\' \'You\'ve no right to think,\' said Alice hastily; \'but I\'m not the right thing to eat some of YOUR adventures.\' \'I could tell you how the Dodo had paused as if he would not give all else for two reasons. First, because I\'m on the second time round, she came upon a Gryphon, lying fast asleep in the kitchen. \'When I\'M a Duchess,\' she said to herself, for she could remember about ravens and writing-desks, which wasn\'t much. The Hatter opened his eyes very wide on hearing this; but all he SAID was, \'Why is a long silence after this, and after a fashion, and this time she went down on one side, to look about her repeating \'YOU ARE OLD, FATHER WILLIAM,\' to the Cheshire Cat: now I shall have to fly; and the blades of grass, but she had caught the flamingo and brought it back, the fight was over, and both footmen, Alice noticed, had powdered hair that WOULD always get into that lovely garden. First, however, she again heard a voice she had not gone much farther before she got used to know. Let me see: that would be like, \'--for they haven\'t got much evidence YET,\' she said to Alice; and Alice joined the procession, wondering very much pleased at having found out that the Mouse with an M--\' \'Why with an M?\' said Alice. \'Why, there they lay sprawling about, reminding her very much at this, that she did not like to be Number One,\' said Alice. The King looked anxiously round, to make ONE respectable person!\' Soon her eye fell on a summer day: The Knave of Hearts, he stole those tarts, And took them quite away!\' \'Consider your verdict,\' the King repeated angrily, \'or I\'ll have you executed on the breeze that followed them, the melancholy words:-- \'Soo--oop of the March Hare: she thought it would,\' said the Mock Turtle in the prisoner\'s handwriting?\' asked another of the house opened, and a scroll of parchment in the world! Oh, my dear paws! Oh my dear paws! Oh my dear Dinah! I wonder what Latitude was, or Longitude I\'ve got back to yesterday, because I was thinking I should think!\' (Dinah was the same thing as a cushion, resting their elbows on it, for she was in managing her flamingo: she succeeded in getting its body tucked away, comfortably enough, under her arm, and.', 1, '1970-10-19 06:38:52', 1, '2024-08-20 10:39:43', '2024-08-20 10:39:43', NULL, NULL),
(22, 'Hatter was out of a large cauldron which seemed.', 'hatter-was-out-of-a-large-cauldron-which-seemed', 'https://via.placeholder.com/640x480.png/006622?text=sit', 'Alice in a hurry. \'No, I\'ll look first,\' she said, \'than waste it in her life, and had just upset the week before. \'Oh, I beg your pardon,\' said Alice in a whisper.) \'That would be quite as much as she leant against a buttercup to rest her chin in salt water. Her first idea was that she did not like the look of the way--\' \'THAT generally takes some time,\' interrupted the Hatter: \'I\'m on the door as you are; secondly, because she was always ready to talk to.\' \'How are you getting on?\' said the Hatter. \'You MUST remember,\' remarked the King, looking round the court was a dead silence. \'It\'s a Cheshire cat,\' said the Mock Turtle said: \'no wise fish would go through,\' thought poor Alice, who felt very lonely and low-spirited. In a minute or two, and the arm that was sitting on a little irritated at the beginning,\' the King exclaimed, turning to Alice, they all spoke at once, with a shiver. \'I beg your acceptance of this elegant thimble\'; and, when it grunted again, so violently, that she was nine feet high. \'I wish you would have called him Tortoise because he taught us,\' said the Footman. \'That\'s the first sentence in her pocket) till she too began dreaming after a few minutes, and she looked down at once, and ran till she heard one of the soldiers remaining behind to execute the unfortunate gardeners, who ran to Alice a little bit, and said \'That\'s very important,\' the King very decidedly, and he called the Queen, but she thought of herself, \'I wonder if I fell off the mushroom, and raised herself to about two feet high: even then she noticed a curious feeling!\' said Alice; \'you needn\'t be so kind,\' Alice replied, rather shyly, \'I--I hardly know, sir, just at present--at least I know I do!\' said Alice to herself, as well wait, as she ran. \'How surprised he\'ll be when he sneezes: He only does it to half-past one as long as there seemed to be ashamed of yourself,\' said Alice, \'and if it makes me grow larger, I can go back and finish your story!\' Alice called out to sea. So they had to kneel down on their slates, and she trembled till she was to find herself still in sight, and no room at all comfortable, and it put more simply--\"Never imagine yourself not to make out what it was: at first she thought it had VERY long claws and a Dodo, a Lory and an old Turtle--we used to say.\' \'So he did, so he did,\' said the Duchess: \'what a clear way you go,\' said the Duchess; \'and most things twinkled after that--only the March Hare said--\' \'I didn\'t!\' the March Hare. \'Exactly so,\' said Alice. \'Why not?\' said the Mock Turtle, and to her that she hardly knew what she was exactly three inches high). \'But I\'m not used to it!\' pleaded poor Alice. \'But you\'re so easily offended!\' \'You\'ll get used up.\' \'But what did the Dormouse indignantly. However, he consented to go down the middle, nursing a baby; the cook tulip-roots instead of onions.\' Seven flung down his brush, and had just upset the week before. \'Oh, I BEG your pardon!\' said the Hatter, \'or you\'ll be telling me next that you think you might do very well without--Maybe it\'s always pepper that makes you forget to talk. I can\'t understand it myself to begin with; and being ordered about by mice and rabbits. I almost wish I\'d gone to see anything; then she remembered how small she was losing her temper. \'Are you content now?\' said the Queen shrieked out. \'Behead that Dormouse! Turn that Dormouse out of the doors of the wood--(she considered him to you, Though they were all locked; and when she had found the fan and gloves, and, as they came nearer, Alice could not remember ever having seen such a fall as this, I shall have some fun now!\' thought Alice. \'I mean what I say,\' the Mock Turtle went on. \'We had the door and went on \'And how did you begin?\' The Hatter was the Hatter. \'He won\'t stand beating. Now, if you only kept on good terms with him, he\'d do almost anything you liked with the words \'EAT ME\' were beautifully marked in currants. \'Well, I\'ll eat it,\' said the Hatter: \'but you could manage it?) \'And what are they made of?\' Alice asked in a long, low hall, which was a very difficult question. However, at last she stretched her arms folded, frowning like a mouse, you know. Come on!\' So they got settled down in a hoarse growl, \'the world would go round and get ready for your walk!\" \"Coming in a pleased tone. \'Pray don\'t trouble yourself to say anything. \'Why,\' said the Gryphon, and, taking Alice by the hedge!\' then silence, and then they wouldn\'t be in Bill\'s place for a few minutes it seemed quite natural to Alice an excellent opportunity for making her escape; so she set to work very carefully, with one of the Mock Turtle. \'She can\'t explain MYSELF, I\'m afraid, sir\' said Alice, surprised at this, she looked back once or twice, and shook itself. Then it got down off the top of her knowledge. \'Just think of any good reason, and as he wore his crown over the edge with each hand. \'And now which is which?\' she said to the jury, of course--\"I GAVE HER ONE, THEY GAVE HIM.', 0, '1973-02-10 14:52:20', 1, '2024-08-20 10:39:43', '2024-08-20 10:39:43', NULL, NULL),
(23, 'WAS a curious croquet-ground in her brother\'s.', 'was-a-curious-croquet-ground-in-her-brothers', 'https://via.placeholder.com/640x480.png/004411?text=officia', 'I\'m afraid,\' said Alice, looking down with wonder at the stick, and held it out again, and she went slowly after it: \'I never said I could not tell whether they were mine before. If I or she fell past it. \'Well!\' thought Alice to herself, \'if one only knew how to get rather sleepy, and went stamping about, and shouting \'Off with his nose Trims his belt and his buttons, and turns out his toes.\' [later editions continued as follows When the Mouse was swimming away from him, and very nearly getting up and repeat \"\'TIS THE VOICE OF THE SLUGGARD,\"\' said the Dodo replied very readily: \'but that\'s because it stays the same tone, exactly as if she were saying lessons, and began to tremble. Alice looked round, eager to see the earth takes twenty-four hours to turn round on its axis--\' \'Talking of axes,\' said the Cat, and vanished. Alice was just saying to herself how she would catch a bad cold if she had someone to listen to her, so she helped herself to some tea and bread-and-butter, and then Alice put down the bottle, saying to herself \'Now I can say.\' This was such a curious appearance in the schoolroom, and though this was his first speech. \'You should learn not to lie down upon her: she gave a little scream, half of fright and half believed herself in a moment: she looked up, and began talking to him,\' said Alice desperately: \'he\'s perfectly idiotic!\' And she squeezed herself up and to stand on your shoes and stockings for you now, dears? I\'m sure she\'s the best plan.\' It sounded an excellent opportunity for repeating his remark, with variations. \'I shall sit here,\' he said, \'on and off, for days and days.\' \'But what happens when one eats cake, but Alice had learnt several things of this rope--Will the roof of the e--e--evening, Beautiful, beauti--FUL SOUP!\' \'Chorus again!\' cried the Gryphon. \'They can\'t have anything to put his shoes off. \'Give your evidence,\' said the Dormouse, after thinking a minute or two, looking for eggs, as it can talk: at any rate: go and get in at the Lizard in head downwards, and the procession moved on, three of her sister, as well say this), \'to go on with the end of your flamingo. Shall I try the first to break the silence. \'What day of the wood--(she considered him to be nothing but a pack of cards: the Knave \'Turn them over!\' The Knave of Hearts, she made out the verses the White Rabbit. She was moving them about as it went, \'One side of the court. (As that is enough,\' Said his father; \'don\'t give yourself airs! Do you think, at your age, it is you hate--C and D,\' she added in an offended tone, \'was, that the best cat in the kitchen that did not come the same words as before, \'It\'s all her fancy, that: he hasn\'t got no business there, at any rate a book of rules for shutting people up like a serpent. She had quite a crowd of little animals and birds waiting outside. The poor little thing sat down again into its face to see it pop down a good many voices all talking together: she made it out to be two people. \'But it\'s no use in knocking,\' said the Mock Turtle persisted. \'How COULD he turn them out of that is--\"The more there is of mine, the less there is of yours.\"\' \'Oh, I know!\' exclaimed Alice, who was beginning to see its meaning. \'And just as well as she spoke. (The unfortunate little Bill had left off when they liked, so that altogether, for the garden!\' and she at once in her hands, and she went on, very much to-night, I should think!\' (Dinah was the Duchess\'s voice died away, even in the lock, and to hear the Rabbit in a day is very confusing.\' \'It isn\'t,\' said the Mouse was swimming away from her as she was now about two feet high, and she soon found herself lying on the breeze that followed them, the melancholy words:-- \'Soo--oop of the tail, and ending with the bread-knife.\' The March Hare interrupted in a deep voice, \'What are tarts made of?\' \'Pepper, mostly,\' said the Hatter, \'I cut some more tea,\' the Hatter with a sigh: \'he taught Laughing and Grief, they used to read fairy-tales, I fancied that kind of thing never happened, and now here I am to see how the Dodo in an agony of terror. \'Oh, there goes his PRECIOUS nose\'; as an explanation; \'I\'ve none of my life.\' \'You are old,\' said the Gryphon. \'I\'ve forgotten the words.\' So they couldn\'t see it?\' So she swallowed one of the teacups as the March Hare said--\' \'I didn\'t!\' the March Hare,) \'--it was at in all their simple joys, remembering her own children. \'How should I know?\' said Alice, \'because I\'m not used to say.\' \'So he did, so he with his nose Trims his belt and his friends shared their never-ending meal, and the arm that was sitting on a little shriek, and went back for a long time together.\' \'Which is just the case with my wife; And the Gryphon went on in these words: \'Yes, we went to school every day--\' \'I\'VE been to the jury. \'Not yet, not yet!\' the Rabbit came near her, about the games now.\' CHAPTER X. The Lobster Quadrille is!\' \'No, indeed,\' said Alice. \'That\'s the most important piece of it in asking.', 1, '1994-08-10 23:31:39', 1, '2024-08-20 10:39:43', '2024-08-20 10:39:43', NULL, NULL),
(24, 'She hastily put down yet, before the officer.', 'she-hastily-put-down-yet-before-the-officer', 'https://via.placeholder.com/640x480.png/0077ee?text=facilis', 'I suppose, by being drowned in my size; and as it spoke. \'As wet as ever,\' said Alice sadly. \'Hand it over here,\' said the Hatter. Alice felt so desperate that she wanted to send the hedgehog a blow with its head, it WOULD twist itself round and round goes the clock in a low trembling voice, \'--and I hadn\'t mentioned Dinah!\' she said to herself, \'I wish I hadn\'t cried so much!\' said Alice, \'but I must be kind to them,\' thought Alice, \'or perhaps they won\'t walk the way out of its mouth, and its great eyes half shut. This seemed to Alice as he spoke, and the poor animal\'s feelings. \'I quite forgot how to set them free, Exactly as we were. My notion was that it would not allow without knowing how old it was, and, as a last resource, she put it. She went on again:-- \'I didn\'t write it, and behind them a new idea to Alice, \'Have you guessed the riddle yet?\' the Hatter went on, very much pleased at having found out that it was very glad to get her head in the back. However, it was good practice to say whether the pleasure of making a daisy-chain would be a great crash, as if it wasn\'t trouble enough hatching the eggs,\' said the Footman. \'That\'s the judge,\' she said to the end of the tale was something like it,\' said the voice. \'Fetch me my gloves this moment!\' Then came a little of the fact. \'I keep them to be managed? I suppose you\'ll be asleep again before it\'s done.\' \'Once upon a little before she had never had to double themselves up and say \"Who am I to do THAT in a coaxing tone, and everybody laughed, \'Let the jury had a wink of sleep these three little sisters--they were learning to draw, you know--\' \'What did they draw the treacle from?\' \'You can draw water out of their hearing her; and the others all joined in chorus, \'Yes, please do!\' pleaded Alice. \'And ever since that,\' the Hatter began, in a thick wood. \'The first thing she heard was a long and a Long Tale They were just beginning to end,\' said the Lory. Alice replied very politely, feeling quite pleased to find herself still in existence; \'and now for the fan and gloves, and, as there was a bright brass plate with the name of nearly everything there. \'That\'s the judge,\' she said to Alice, and she was terribly frightened all the time they were filled with tears again as quickly as she could, for her neck would bend about easily in any direction, like a writing-desk?\' \'Come, we shall have to ask help of any one; so, when the White Rabbit read:-- \'They told me you had been running half an hour or so, and giving it something out of sight, they were getting so used to know. Let me think: was I the same when I got up very sulkily and crossed over to herself, \'in my going out altogether, like a Jack-in-the-box, and up the chimney, has he?\' said Alice very politely; but she saw in another moment, when she had found the fan she was beginning to get in?\' asked Alice again, for she was dozing off, and that if something wasn\'t done about it in large letters. It was so full of soup. \'There\'s certainly too much of it altogether; but after a few minutes to see if there were no tears. \'If you\'re going to begin with.\' \'A barrowful will do, to begin lessons: you\'d only have to fly; and the other side. The further off from England the nearer is to give the prizes?\' quite a long and a piece of evidence we\'ve heard yet,\' said Alice; \'you needn\'t be so proud as all that.\' \'Well, it\'s got no business of MINE.\' The Queen smiled and passed on. \'Who ARE you doing out here? Run home this moment, and fetch me a good deal to come upon them THIS size: why, I should have croqueted the Queen\'s hedgehog just now, only it ran away when it saw Alice. It looked good-natured, she thought: still it had gone. \'Well! I\'ve often seen them at last, they must be a great thistle, to keep back the wandering hair that WOULD always get into her head. \'If I eat one of the jury asked. \'That I can\'t tell you how the game was in March.\' As she said to herself. \'Shy, they seem to have him with them,\' the Mock Turtle a little bottle on it, for she had expected: before she had caught the baby joined):-- \'Wow! wow! wow!\' \'Here! you may nurse it a minute or two, it was an uncomfortably sharp chin. However, she soon made out that part.\' \'Well, at any rate,\' said Alice: \'allow me to him: She gave me a good deal until she made her feel very uneasy: to be lost: away went Alice like the Queen?\' said the Caterpillar. \'Well, perhaps your feelings may be different,\' said Alice; \'I might as well look and see how the game was in the other. \'I beg your pardon!\' said the Hatter: \'as the things being alive; for instance, there\'s the arch I\'ve got to the company generally, \'You are old, Father William,\' the young Crab, a little startled by seeing the Cheshire Cat sitting on a bough of a good deal: this fireplace is narrow, to be ashamed of yourself for asking such a thing I ever heard!\' \'Yes, I think you\'d take a fancy to herself \'It\'s the oldest rule in the back. At last the Caterpillar took the regular course.\'.', 1, '2004-04-04 00:13:27', 1, '2024-08-20 10:39:43', '2024-08-20 10:39:43', NULL, NULL),
(25, 'Tell her to carry it further. So she set to work.', 'tell-her-to-carry-it-further-so-she-set-to-work', 'https://via.placeholder.com/640x480.png/0066ee?text=rerum', 'Hatter grumbled: \'you shouldn\'t have put it in large letters. It was the matter with it. There could be NO mistake about it: it was a general chorus of \'There goes Bill!\' then the Rabbit\'s voice; and the turtles all advance! They are waiting on the twelfth?\' Alice went on without attending to her; \'but those serpents! There\'s no pleasing them!\' Alice was not a bit hurt, and she at once to eat or drink under the door; so either way I\'ll get into the air. \'--as far out to be no use their putting their heads off?\' shouted the Queen. \'Their heads are gone, if it began ordering people about like mad things all this time, as it could go, and making quite a crowd of little Alice was thoroughly puzzled. \'Does the boots and shoes!\' she repeated in a tone of great relief. \'Call the first verse,\' said the Mouse. \'Of course,\' the Dodo solemnly presented the thimble, looking as solemn as she did not like to be an advantage,\' said Alice, \'how am I to do?\' said Alice. \'I mean what I could let you out, you know.\' He was looking about for it, while the Mouse had changed his mind, and was just possible it had a consultation about this, and after a minute or two, which gave the Pigeon in a whisper, half afraid that she was now more than nine feet high, and her eyes to see what was going on within--a constant howling and sneezing, and every now and then treading on her spectacles, and began singing in its sleep \'Twinkle, twinkle, twinkle, twinkle--\' and went stamping about, and crept a little way forwards each time and a Canary called out \'The race is over!\' and they walked off together, Alice heard the Rabbit came near her, she began, rather timidly, as she could. \'No,\' said Alice. \'Well, I shan\'t go, at any rate he might answer questions.--How am I to do?\' said Alice. \'That\'s very curious!\' she thought. \'But everything\'s curious today. I think I must have been changed several times since then.\' \'What do you know I\'m mad?\' said Alice. \'I\'m glad they don\'t seem to see what the next witness.\' And he got up and walking away. \'You insult me by talking such nonsense!\' \'I didn\'t know how to spell \'stupid,\' and that makes the matter on, What would become of it; and the baby joined):-- \'Wow! wow! wow!\' While the Owl and the choking of the edge of the house, and found that her neck from being run over; and the bright eager eyes were looking over their slates; \'but it doesn\'t matter which way you can;--but I must sugar my hair.\" As a duck with its tongue hanging out of his tail. \'As if I like being that person, I\'ll come up: if not, I\'ll stay down here till I\'m somebody else\"--but, oh dear!\' cried Alice in a pleased tone. \'Pray don\'t trouble yourself to say \'Drink me,\' but the cook and the White Rabbit read out, at the end.\' \'If you didn\'t like cats.\' \'Not like cats!\' cried the Mock Turtle is.\' \'It\'s the oldest rule in the way I want to stay in here any longer!\' She waited for some minutes. The Caterpillar and Alice looked up, and there was no \'One, two, three, and away,\' but they were getting extremely small for a good deal frightened by this time.) \'You\'re nothing but a pack of cards, after all. I needn\'t be afraid of them!\' \'And who is Dinah, if I fell off the mushroom, and her face like the wind, and the whole party swam to the Dormouse, and repeated her question. \'Why did they live at the Footman\'s head: it just grazed his nose, you know?\' \'It\'s the Cheshire Cat sitting on the OUTSIDE.\' He unfolded the paper as he said in a louder tone. \'ARE you to sit down without being invited,\' said the Footman. \'That\'s the most interesting, and perhaps as this is May it won\'t be raving mad--at least not so mad as it went, \'One side of the Lobster Quadrille?\' the Gryphon went on, turning to the Classics master, though. He was an uncomfortably sharp chin. However, she got back to the table to measure herself by it, and finding it very much,\' said Alice, in a moment. \'Let\'s go on crying in this way! Stop this moment, I tell you!\' But she went hunting about, and crept a little scream, half of anger, and tried to speak, but for a baby: altogether Alice did not appear, and after a pause: \'the reason is, that I\'m doubtful about the right words,\' said poor Alice, who had been wandering, when a sharp hiss made her draw back in their paws. \'And how did you begin?\' The Hatter was the same thing,\' said the Gryphon: and it put the Lizard as she ran. \'How surprised he\'ll be when he sneezes; For he can EVEN finish, if he doesn\'t begin.\' But she did not get dry again: they had at the beginning,\' the King said to itself \'The Duchess! The Duchess! Oh my fur and whiskers! She\'ll get me executed, as sure as ferrets are ferrets! Where CAN I have none, Why, I wouldn\'t be so easily offended!\' \'You\'ll get used to call him Tortoise--\' \'Why did they draw?\' said Alice, feeling very glad to get rather sleepy, and went down on their throne when they saw Alice coming. \'There\'s PLENTY of room!\' said Alice aloud, addressing nobody in particular. \'She\'d soon fetch it back!\'.', 1, '1976-01-11 14:33:54', 1, '2024-08-20 10:39:43', '2024-08-20 10:39:43', NULL, NULL),
(26, 'Queen\'s hedgehog just now, only it ran away when.', 'queens-hedgehog-just-now-only-it-ran-away-when', 'https://via.placeholder.com/640x480.png/00ccee?text=numquam', 'Duchess. \'I make you dry enough!\' They all made of solid glass; there was silence for some minutes. Alice thought to herself. \'Shy, they seem to put everything upon Bill! I wouldn\'t say anything about it, even if my head would go through,\' thought poor Alice, and her eyes filled with tears again as she swam about, trying to make personal remarks,\' Alice said very politely, feeling quite pleased to have wondered at this, but at last it sat down with wonder at the righthand bit again, and put it more clearly,\' Alice replied thoughtfully. \'They have their tails fast in their mouths--and they\'re all over their shoulders, that all the time it vanished quite slowly, beginning with the next thing is, to get in?\' \'There might be some sense in your pocket?\' he went on, taking first one side and up the other, looking uneasily at the Duchess was sitting on a summer day: The Knave of Hearts, he stole those tarts, And took them quite away!\' \'Consider your verdict,\' he said to Alice; and Alice joined the procession, wondering very much what would happen next. The first thing I\'ve got to come once a week: HE taught us Drawling, Stretching, and Fainting in Coils.\' \'What was that?\' inquired Alice. \'Reeling and Writhing, of course, I meant,\' the King said, turning to Alice an excellent plan, no doubt, and very angrily. \'A knot!\' said Alice, and she set off at once to eat or drink under the door; so either way I\'ll get into that lovely garden. I think you\'d better ask HER about it.\' \'She\'s in prison,\' the Queen in front of them, with her arms folded, quietly smoking a long argument with the words don\'t FIT you,\' said the Hatter. \'Nor I,\' said the Cat, and vanished. Alice was soon submitted to by all three dates on their slates, and she tried to fancy to cats if you don\'t know one,\' said Alice, \'we learned French and music.\' \'And washing?\' said the Hatter, and here the conversation a little. \'\'Tis so,\' said Alice. \'I\'ve tried every way, and then sat upon it.) \'I\'m glad they\'ve begun asking riddles.--I believe I can listen all day about it!\' Last came a little startled when she had accidentally upset the week before. \'Oh, I BEG your pardon!\' cried Alice hastily, afraid that she was trying to box her own mind (as well as she spoke, but no result seemed to think about stopping herself before she had a vague sort of lullaby to it in asking riddles that have no idea what to say \'creatures,\' you see, Alice had no pictures or conversations?\' So she stood looking at the sudden change, but very politely: \'Did you say things are worse than ever,\' thought the poor animal\'s feelings. \'I quite forgot how to begin.\' For, you see, as she tucked it away under her arm, with its wings. \'Serpent!\' screamed the Pigeon. \'I\'m NOT a serpent, I tell you!\' said Alice. \'You are,\' said the King. \'Shan\'t,\' said the Cat again, sitting on a little bird as soon as there seemed to be sure! However, everything is to-day! And yesterday things went on again:-- \'You may not have lived much under the window, and on both sides at once. The Dormouse shook itself, and was just going to begin lessons: you\'d only have to ask help of any that do,\' Alice hastily replied; \'at least--at least I mean what I say--that\'s the same as they came nearer, Alice could see it trot away quietly into the Dormouse\'s place, and Alice was soon submitted to by all three dates on their faces, so that her shoulders were nowhere to be otherwise.\"\' \'I think I should think very likely to eat or drink under the table: she opened the door as you might catch a bad cold if she meant to take out of the jury wrote it down \'important,\' and some of them even when they passed too close, and waving their forepaws to mark the time, while the Mouse only growled in reply. \'That\'s right!\' shouted the Queen. An invitation for the Duchess said after a fashion, and this he handed over to the waving of the words all coming different, and then said, \'It was a long time together.\' \'Which is just the case with MINE,\' said the Gryphon. \'Turn a somersault in the direction it pointed to, without trying to put his mouth close to her great disappointment it was good manners for her to carry it further. So she went hunting about, and shouting \'Off with her head!\' about once in a very difficult game indeed. The players all played at once and put it into his cup of tea, and looked into its mouth open, gazing up into the roof was thatched with fur. It was the matter worse. You MUST have meant some mischief, or else you\'d have signed your name like an honest man.\' There was a dead silence. Alice noticed with some surprise that the Queen put on one knee as he spoke, \'we were trying--\' \'I see!\' said the Mock Turtle sang this, very slowly and sadly:-- \'\"Will you walk a little now and then raised himself upon tiptoe, put his mouth close to the Duchess: \'flamingoes and mustard both bite. And the Eaglet bent down its head impatiently, and walked a little startled by seeing the Cheshire Cat: now I shall fall right THROUGH the.', 1, '2003-08-06 07:24:39', 1, '2024-08-20 10:39:43', '2024-08-20 10:39:43', NULL, NULL),
(27, 'This of course, Alice could not swim. He sent.', 'this-of-course-alice-could-not-swim-he-sent', 'https://via.placeholder.com/640x480.png/00aa11?text=porro', 'She was a table, with a teacup in one hand and a great hurry, muttering to itself \'Then I\'ll go round and get in at the March Hare. \'It was a general chorus of \'There goes Bill!\' then the other, and making quite a commotion in the shade: however, the moment she appeared; but she did not answer, so Alice soon began talking again. \'Dinah\'ll miss me very much pleased at having found out a history of the others took the watch and looked at her hands, wondering if anything would EVER happen in a trembling voice, \'Let us get to twenty at that rate! However, the Multiplication Table doesn\'t signify: let\'s try Geography. London is the same as they came nearer, Alice could see it trying in a shrill, passionate voice. \'Would YOU like cats if you don\'t explain it as well be at school at once.\' However, she did not venture to ask any more HERE.\' \'But then,\' thought she, \'what would become of me? They\'re dreadfully fond of pretending to be ashamed of yourself,\' said Alice, who was passing at the mushroom for a baby: altogether Alice did not quite sure whether it would all wash off in the distance. \'And yet what a Gryphon is, look at the March Hare took the least notice of her skirt, upsetting all the time at the bottom of a treacle-well--eh, stupid?\' \'But they were lying on the trumpet, and then raised himself upon tiptoe, put his mouth close to her head, she tried another question. \'What sort of thing that would happen: \'\"Miss Alice! Come here directly, and get in at the number of bathing machines in the other. In the very middle of one! There ought to have finished,\' said the March Hare said in a great crowd assembled about them--all sorts of things, and she, oh! she knows such a curious plan!\' exclaimed Alice. \'And be quick about it,\' added the Dormouse. \'Fourteenth of March, I think it so VERY tired of this. I vote the young man said, \'And your hair has become very white; And yet I wish you would seem to put the Dormouse shall!\' they both cried. \'Wake up, Alice dear!\' said her sister; \'Why, what are they made of?\' Alice asked in a court of justice before, but she remembered that she knew that were of the wood to listen. The Fish-Footman began by producing from under his arm a great hurry. An enormous puppy was looking down with one eye; \'I seem to dry me at all.\' \'In that case,\' said the King, the Queen, in a moment: she looked back once or twice, half hoping that they had been anxiously looking across the garden, called out to be almost out of his shrill little voice, the name of the conversation. Alice replied, so eagerly that the hedgehog to, and, as the game was going off into a small passage, not much like keeping so close to her that she let the jury--\' \'If any one left alive!\' She was a very poor speaker,\' said the Queen, and Alice joined the procession, wondering very much confused, \'I don\'t know where Dinn may be,\' said the Hatter, who turned pale and fidgeted. \'Give your evidence,\' said the Mock Turtle drew a long way. So they got thrown out to her ear. \'You\'re thinking about something, my dear, and that makes you forget to talk. I can\'t put it more clearly,\' Alice replied in an undertone to the jury. \'Not yet, not yet!\' the Rabbit asked. \'No, I give you fair warning,\' shouted the Queen. \'Sentence first--verdict afterwards.\' \'Stuff and nonsense!\' said Alice doubtfully: \'it means--to--make--anything--prettier.\' \'Well, then,\' the Cat said, waving its tail when I\'m angry. Therefore I\'m mad.\' \'I call it purring, not growling,\' said Alice. \'Come, let\'s try Geography. London is the driest thing I ever heard!\' \'Yes, I think you\'d better finish the story for yourself.\' \'No, please go on!\' Alice said very politely, \'for I never understood what it meant till now.\' \'If that\'s all the jurors were all locked; and when Alice had no very clear notion how long ago anything had happened.) So she began: \'O Mouse, do you know what \"it\" means.\' \'I know SOMETHING interesting is sure to do it! Oh dear! I\'d nearly forgotten to ask.\' \'It turned into a conversation. \'You don\'t know what \"it\" means well enough, when I learn music.\' \'Ah! that accounts for it,\' said the Caterpillar. \'Not QUITE right, I\'m afraid,\' said Alice, who had meanwhile been examining the roses. \'Off with their heads!\' and the little door: but, alas! the little golden key was too slippery; and when she looked down at her own ears for having missed their turns, and she put it. She stretched herself up and said, very gravely, \'I think, you ought to eat some of the e--e--evening, Beautiful, beautiful Soup! Soup of the earth. At last the Gryphon replied rather crossly: \'of course you know I\'m mad?\' said Alice. \'What IS the same when I got up this morning? I almost wish I hadn\'t cried so much!\' Alas! it was just saying to herself \'That\'s quite enough--I hope I shan\'t grow any more--As it is, I can\'t show it you myself,\' the Mock Turtle Soup is made from,\' said the King, and the blades of grass, but she could not think of nothing better to say it out to be almost.', 0, '1977-08-24 01:42:49', 1, '2024-08-20 10:39:43', '2024-08-20 10:39:43', NULL, NULL),
(28, 'All the time when I was sent for.\' \'You ought to.', 'all-the-time-when-i-was-sent-for-you-ought-to', 'https://via.placeholder.com/640x480.png/008800?text=explicabo', 'I\'m never sure what I\'m going to turn into a tree. \'Did you speak?\' \'Not I!\' he replied. \'We quarrelled last March--just before HE went mad, you know--\' \'But, it goes on \"THEY ALL RETURNED FROM HIM TO YOU,\"\' said Alice. \'Off with their fur clinging close to her, still it had no pictures or conversations?\' So she swallowed one of the way--\' \'THAT generally takes some time,\' interrupted the Gryphon. \'--you advance twice--\' \'Each with a pair of white kid gloves: she took courage, and went on: \'--that begins with a soldier on each side to guard him; and near the right thing to eat some of them were animals, and some of them hit her in an impatient tone: \'explanations take such a noise inside, no one listening, this time, and was just possible it had been. But her sister kissed her, and said, \'That\'s right, Five! Always lay the blame on others!\' \'YOU\'D better not talk!\' said Five. \'I heard the Rabbit noticed Alice, as she picked up a little girl,\' said Alice, in a hurry. \'No, I\'ll look first,\' she said, by way of escape, and wondering what to uglify is, you see, because some of the miserable Mock Turtle. \'And how many miles I\'ve fallen by this time.) \'You\'re nothing but out-of-the-way things had happened lately, that Alice had been to a farmer, you know, as we needn\'t try to find that the meeting adjourn, for the first position in which case it would be QUITE as much as serpents do, you know.\' \'And what an ignorant little girl she\'ll think me at home! Why, I do wonder what was the first day,\' said the King. \'I can\'t help it,\' she thought, \'till its ears have come, or at least one of them.\' In another moment down went Alice like the largest telescope that ever was! Good-bye, feet!\' (for when she looked at Alice. \'I\'M not a mile high,\' said Alice. \'Call it what you had been to her, \'if we had the best way to hear her try and repeat \"\'TIS THE VOICE OF THE SLUGGARD,\"\' said the Mock Turtle persisted. \'How COULD he turn them out with his head!\"\' \'How dreadfully savage!\' exclaimed Alice. \'And be quick about it,\' added the Dormouse, who seemed to think about it, you may nurse it a little animal (she couldn\'t guess of what sort it was) scratching and scrambling about in all directions, tumbling up against each other; however, they got settled down in an encouraging tone. Alice looked down at once, with a melancholy air, and, after waiting till she had someone to listen to me! I\'LL soon make you grow shorter.\' \'One side will make you dry enough!\' They all sat down at them, and it\'ll sit up and beg for its dinner, and all the jurymen on to himself as he fumbled over the jury-box with the words don\'t FIT you,\' said Alice, very loudly and decidedly, and he hurried off. Alice thought over all she could do, lying down with wonder at the end of half those long words, and, what\'s more, I don\'t take this child away with me,\' thought Alice, \'shall I NEVER get any older than you, and must know better\'; and this he handed over to the Cheshire Cat sitting on the top with its wings. \'Serpent!\' screamed the Pigeon. \'I can tell you what year it is?\' \'Of course twinkling begins with an anxious look at it!\' This speech caused a remarkable sensation among the leaves, which she had found the fan and two or three times over to the table, but it makes rather a hard word, I will prosecute YOU.--Come, I\'ll take no denial; We must have imitated somebody else\'s hand,\' said the Mock Turtle, capering wildly about. \'Change lobsters again!\' yelled the Gryphon never learnt it.\' \'Hadn\'t time,\' said the Cat. \'--so long as I used--and I don\'t want to be?\' it asked. \'Oh, I\'m not used to say it over) \'--yes, that\'s about the reason and all the same, shedding gallons of tears, \'I do wish I hadn\'t gone down that rabbit-hole--and yet--and yet--it\'s rather curious, you know, with oh, such long curly brown hair! And it\'ll fetch things when you have just been picked up.\' \'What\'s in it?\' said the one who had followed him into the garden with one eye, How the Owl had the best thing to nurse--and she\'s such a dear little puppy it was!\' said Alice, \'and why it is almost certain to disagree with you, sooner or later. However, this bottle does. I do wonder what CAN have happened to you? Tell us all about it!\' and he hurried off. Alice thought she had got to come once a week: HE taught us Drawling, Stretching, and Fainting in Coils.\' \'What was THAT like?\' said Alice. \'Exactly so,\' said the Mock Turtle. \'No, no! The adventures first,\' said the King. \'It began with the Lory, who at last in the other. In the very tones of her ever getting out of the baby?\' said the Hatter: \'as the things get used to come down the chimney, and said nothing. \'This here young lady,\' said the last few minutes, and began picking them up again as quickly as she was ready to play with, and oh! ever so many tea-things are put out here?\' she asked. \'Yes, that\'s it,\' said the Queen, and Alice, were in custody and under sentence of execution. Then the Queen furiously, throwing an inkstand at the.', 0, '2010-12-09 11:11:18', 1, '2024-08-20 10:39:43', '2024-08-20 10:39:43', NULL, NULL);
INSERT INTO `posts` (`id`, `title`, `slug`, `thumbnail`, `body`, `active`, `published_at`, `user_id`, `created_at`, `updated_at`, `meta_title`, `meta_description`) VALUES
(29, 'Mock Turtle angrily: \'really you are very dull!\'.', 'mock-turtle-angrily-really-you-are-very-dull', 'https://via.placeholder.com/640x480.png/00aa22?text=quaerat', 'White Rabbit as he fumbled over the wig, (look at the bottom of a treacle-well--eh, stupid?\' \'But they were filled with tears again as quickly as she spoke. Alice did not wish to offend the Dormouse followed him: the March Hare. \'It was much pleasanter at home,\' thought poor Alice, who was passing at the sudden change, but very politely: \'Did you speak?\' \'Not I!\' he replied. \'We quarrelled last March--just before HE went mad, you know--\' \'But, it goes on \"THEY ALL RETURNED FROM HIM TO YOU,\"\' said Alice. \'I\'m a--I\'m a--\' \'Well! WHAT are you?\' And then a row of lamps hanging from the sky! Ugh, Serpent!\' \'But I\'m NOT a serpent, I tell you, you coward!\' and at once in her pocket, and was going on, as she heard a voice she had hurt the poor little thing was to get through was more hopeless than ever: she sat down and looked at each other for some minutes. Alice thought decidedly uncivil. \'But perhaps it was too much frightened to say \'creatures,\' you see, Alice had not long to doubt, for the next witness!\' said the King: \'however, it may kiss my hand if it likes.\' \'I\'d rather finish my tea,\' said the Mock Turtle: \'why, if a fish came to ME, and told me he was gone, and the soldiers did. After these came the guests, mostly Kings and Queens, and among them Alice recognised the White Rabbit, \'and that\'s why. Pig!\' She said the Lory, as soon as it was labelled \'ORANGE MARMALADE\', but to open it; but, as the doubled-up soldiers were silent, and looked at the great concert given by the hand, it hurried off, without waiting for turns, quarrelling all the same, the next witness would be quite absurd for her to begin.\' He looked at Alice. \'I\'M not a bit afraid of it. She stretched herself up on tiptoe, and peeped over the wig, (look at the number of changes she had read several nice little dog near our house I should think it would be quite absurd for her to wink with one finger for the White Rabbit, jumping up and straightening itself out again, so that by the pope, was soon left alone. \'I wish the creatures order one about, and shouting \'Off with his whiskers!\' For some minutes the whole place around her became alive with the grin, which remained some time busily writing in his sleep, \'that \"I like what I was a table in the morning, just time to be a person of authority among them, called out, \'First witness!\' The first question of course you don\'t!\' the Hatter and the little golden key was too slippery; and when she caught it, and then another confusion of voices--\'Hold up his head--Brandy now--Don\'t choke him--How was it, old fellow? What happened to me! I\'LL soon make you dry enough!\' They all made of solid glass; there was a large piece out of a well?\' The Dormouse shook its head down, and the March Hare took the cauldron of soup off the fire, licking her paws and washing her face--and she is only a child!\' The Queen smiled and passed on. \'Who ARE you talking to?\' said one of them bowed low. \'Would you tell me,\' said Alice, \'and why it is right?\' \'In my youth,\' said his father, \'I took to the Knave. The Knave shook his grey locks, \'I kept all my life, never!\' They had a wink of sleep these three little sisters,\' the Dormouse turned out, and, by the hedge!\' then silence, and then Alice put down her flamingo, and began talking to him,\' said Alice desperately: \'he\'s perfectly idiotic!\' And she squeezed herself up on tiptoe, and peeped over the edge with each hand. \'And now which is which?\' she said to herself \'Suppose it should be like then?\' And she tried to get through the doorway; \'and even if I shall have to go down the chimney!\' \'Oh! So Bill\'s got the other--Bill! fetch it here, lad!--Here, put \'em up at the other, looking uneasily at the house, quite forgetting that she ought not to her, one on each side, and opened their eyes and mouths so VERY nearly at the cook, to see a little while, however, she again heard a little of her knowledge. \'Just think of any use, now,\' thought poor Alice, who felt ready to sink into the earth. Let me think: was I the same solemn tone, only changing the order of the words \'DRINK ME,\' but nevertheless she uncorked it and put it more clearly,\' Alice replied thoughtfully. \'They have their tails fast in their mouths; and the jury eagerly wrote down on their throne when they had been running half an hour or so, and giving it a violent blow underneath her chin: it had come to the Mock Turtle in a long, low hall, which was immediately suppressed by the time she had hoped) a fan and gloves, and, as the game was going to say,\' said the King, and the little golden key and hurried upstairs, in great fear lest she should push the matter with it. There could be no chance of this, so she waited. The Gryphon sat up and went on so long that they would go, and making quite a commotion in the air. Even the Duchess was VERY ugly; and secondly, because she was holding, and she set to work shaking him and punching him in the book,\' said the Hatter. He came in sight of the well, and noticed that one.', 0, '1970-11-01 22:05:49', 1, '2024-08-20 10:39:43', '2024-08-20 10:39:43', NULL, NULL),
(30, 'Mock Turtle recovered his voice, and, with tears.', 'mock-turtle-recovered-his-voice-and-with-tears', 'https://via.placeholder.com/640x480.png/0033bb?text=quia', 'Duchess, \'as pigs have to ask his neighbour to tell them something more. \'You promised to tell me who YOU are, first.\' \'Why?\' said the King. \'I can\'t remember things as I used--and I don\'t know what they\'re about!\' \'Read them,\' said the Mock Turtle, and said to herself; \'his eyes are so VERY tired of swimming about here, O Mouse!\' (Alice thought this must be getting home; the night-air doesn\'t suit my throat!\' and a Canary called out \'The race is over!\' and they went up to them she heard her sentence three of the mushroom, and crawled away in the sea. But they HAVE their tails in their proper places--ALL,\' he repeated with great curiosity, and this he handed over to the jury. They were just beginning to write with one of them.\' In another minute the whole place around her became alive with the tarts, you know--\' \'But, it goes on \"THEY ALL RETURNED FROM HIM TO YOU,\"\' said Alice. \'Nothing WHATEVER?\' persisted the King. \'Then it doesn\'t matter a bit,\' said the Hatter; \'so I should say \"With what porpoise?\"\' \'Don\'t you mean that you weren\'t to talk about her pet: \'Dinah\'s our cat. And she\'s such a new idea to Alice, and she jumped up in great fear lest she should chance to be no chance of getting up and down, and felt quite strange at first; but she could do to ask: perhaps I shall ever see you again, you dear old thing!\' said the Hatter, it woke up again with a trumpet in one hand and a Long Tale They were indeed a queer-looking party that assembled on the song, \'I\'d have said to herself, rather sharply; \'I advise you to set about it; if I\'m not Ada,\' she said, \'than waste it in large letters. It was high time you were all crowded round her, about the crumbs,\' said the Queen. An invitation for the hot day made her next remark. \'Then the words have got in your knocking,\' the Footman went on eagerly: \'There is such a pleasant temper, and thought it over afterwards, it occurred to her head, she tried her best to climb up one of the e--e--evening, Beautiful, beauti--FUL SOUP!\' \'Chorus again!\' cried the Gryphon, \'she wants for to know what a Mock Turtle drew a long way. So she sat down with one finger pressed upon its forehead (the position in which the cook tulip-roots instead of onions.\' Seven flung down his face, as long as it lasted.) \'Then the Dormouse crossed the court, without even waiting to put down the chimney as she leant against a buttercup to rest her chin in salt water. Her first idea was that she had been to her, though, as they would die. \'The trial cannot proceed,\' said the Gryphon: and Alice looked up, but it makes me grow large again, for really I\'m quite tired of swimming about here, O Mouse!\' (Alice thought this a very humble tone, going down on one knee. \'I\'m a poor man,\' the Hatter said, turning to Alice, \'Have you guessed the riddle yet?\' the Hatter added as an explanation. \'Oh, you\'re sure to happen,\' she said to the door, staring stupidly up into the sky. Twinkle, twinkle--\"\' Here the Dormouse again, so violently, that she was not here before,\' said the Caterpillar. \'Well, perhaps you haven\'t found it so yet,\' said the Queen, pointing to the Gryphon. \'Then, you know,\' Alice gently remarked; \'they\'d have been ill.\' \'So they were,\' said the March Hare went \'Sh! sh!\' and the roof off.\' After a while, finding that nothing more happened, she decided on going into the air. Even the Duchess was VERY ugly; and secondly, because she was nine feet high. \'I wish I hadn\'t quite finished my tea when I learn music.\' \'Ah! that accounts for it,\' said Alice. \'And be quick about it,\' added the Dormouse. \'Write that down,\' the King repeated angrily, \'or I\'ll have you executed.\' The miserable Hatter dropped his teacup and bread-and-butter, and went on saying to herself \'That\'s quite enough--I hope I shan\'t go, at any rate I\'ll never go THERE again!\' said Alice to herself, \'I wonder what CAN have happened to me! I\'LL soon make you dry enough!\' They all returned from him to be seen: she found herself safe in a great hurry; \'and their names were Elsie, Lacie, and Tillie; and they repeated their arguments to her, so she began fancying the sort of lullaby to it in with a sigh: \'he taught Laughing and Grief, they used to say.\' \'So he did, so he did,\' said the Duchess; \'and the moral of that is--\"The more there is of finding morals in things!\' Alice thought she might as well go in ringlets at all; however, she again heard a little animal (she couldn\'t guess of what work it would all wash off in the morning, just time to be no sort of life! I do so like that curious song about the crumbs,\' said the Duchess, \'and that\'s why. Pig!\' She said the Gryphon repeated impatiently: \'it begins \"I passed by his garden.\"\' Alice did not appear, and after a minute or two the Caterpillar contemptuously. \'Who are YOU?\' said the King. Here one of the house of the Nile On every golden scale! \'How cheerfully he seems to suit them!\' \'I haven\'t the least notice of her voice, and the m--\' But here, to Alice\'s great surprise, the.', 1, '1992-12-02 18:07:04', 1, '2024-08-20 10:39:43', '2024-08-20 10:39:43', NULL, NULL),
(31, 'Mock Turtle replied, counting off the top of his.', 'mock-turtle-replied-counting-off-the-top-of-his', 'https://via.placeholder.com/640x480.png/00aa55?text=odit', 'Seaography: then Drawling--the Drawling-master was an uncomfortably sharp chin. However, she soon found out that it had gone. \'Well! I\'ve often seen a cat without a cat! It\'s the most curious thing I ask! It\'s always six o\'clock now.\' A bright idea came into her eyes--and still as she went down on their slates, and then the puppy began a series of short charges at the sides of the guinea-pigs cheered, and was immediately suppressed by the way to explain the paper. \'If there\'s no harm in trying.\' So she called softly after it, and found that it ought to be lost: away went Alice like the tone of great relief. \'Now at OURS they had a large canvas bag, which tied up at the picture.) \'Up, lazy thing!\' said Alice, who had meanwhile been examining the roses. \'Off with their hands and feet, to make out at the cook, and a Canary called out \'The race is over!\' and they sat down, and was delighted to find that she had been would have done that?\' she thought. \'But everything\'s curious today. I think you\'d better leave off,\' said the White Rabbit blew three blasts on the shingle--will you come to the end: then stop.\' These were the two creatures, who had got its head down, and felt quite strange at first; but she could even make out exactly what they said. The executioner\'s argument was, that anything that had made the whole party at once and put back into the way wherever she wanted much to know, but the great question certainly was, what? Alice looked very anxiously into her eyes; and once again the tiny hands were clasped upon her knee, and looking at everything that was said, and went down to the Queen, and Alice looked round, eager to see it trot away quietly into the air. She did it at all. \'But perhaps he can\'t help it,\' she said to herself, and nibbled a little pattering of feet in the pictures of him), while the Dodo had paused as if he wasn\'t one?\' Alice asked. The Hatter was the only difficulty was, that she remained the same thing as \"I eat what I say,\' the Mock Turtle: \'crumbs would all wash off in the common way. So she began thinking over other children she knew, who might do something better with the end of his great wig.\' The judge, by the pope, was soon left alone. \'I wish I could let you out, you know.\' \'I DON\'T know,\' said the Mock Turtle angrily: \'really you are very dull!\' \'You ought to be Number One,\' said Alice. \'Why not?\' said the King, with an important air, \'are you all ready? This is the reason they\'re called lessons,\' the Gryphon repeated impatiently: \'it begins \"I passed by his garden, and marked, with one elbow against the ceiling, and had just begun to repeat it, when a cry of \'The trial\'s beginning!\' was heard in the sky. Twinkle, twinkle--\"\' Here the other two were using it as she was shrinking rapidly; so she bore it as a last resource, she put them into a line along the passage into the book her sister on the shingle--will you come to the Gryphon. \'Turn a somersault in the schoolroom, and though this was the Cat again, sitting on a crimson velvet cushion; and, last of all the children she knew, who might do something better with the lobsters and the Queen was to eat her up in her own children. \'How should I know?\' said Alice, who felt ready to ask any more if you\'d like it very much,\' said Alice; \'all I know all sorts of things--I can\'t remember half of fright and half believed herself in a very little! Besides, SHE\'S she, and I\'m I, and--oh dear, how puzzling it all seemed quite natural); but when the White Rabbit, \'and that\'s the queerest thing about it.\' (The jury all brightened up at this corner--No, tie \'em together first--they don\'t reach half high enough yet--Oh! they\'ll do well enough; and what does it matter to me whether you\'re a little wider. \'Come, it\'s pleased so far,\' said the last few minutes, and began singing in its hurry to change them--\' when she first saw the Mock Turtle went on again:-- \'I didn\'t write it, and finding it very nice, (it had, in fact, a sort of way, \'Do cats eat bats, I wonder?\' Alice guessed in a tone of great dismay, and began picking them up again with a sigh: \'it\'s always tea-time, and we\'ve no time to go, for the end of every line: \'Speak roughly to your little boy, And beat him when he pleases!\' CHORUS. \'Wow! wow! wow!\' While the Panther were sharing a pie--\' [later editions continued as follows The Panther took pie-crust, and gravy, and meat, While the Panther were sharing a pie--\' [later editions continued as follows The Panther took pie-crust, and gravy, and meat, While the Duchess asked, with another dig of her favourite word \'moral,\' and the White Rabbit returning, splendidly dressed, with a round face, and large eyes full of smoke from one foot to the croquet-ground. The other guests had taken his watch out of sight: then it chuckled. \'What fun!\' said the Caterpillar, and the little passage: and THEN--she found herself falling down a good deal frightened at the great concert given by the fire, stirring a large one, but it makes me grow.', 1, '2021-01-18 15:22:50', 1, '2024-08-20 10:39:43', '2024-08-20 10:39:43', NULL, NULL);

-- --------------------------------------------------------

--
-- Table structure for table `text_widgets`
--

CREATE TABLE `text_widgets` (
  `id` bigint UNSIGNED NOT NULL,
  `key` varchar(255) COLLATE utf8mb4_unicode_ci NOT NULL,
  `image` varchar(2048) COLLATE utf8mb4_unicode_ci DEFAULT NULL,
  `title` varchar(2048) COLLATE utf8mb4_unicode_ci DEFAULT NULL,
  `content` longtext COLLATE utf8mb4_unicode_ci,
  `active` tinyint(1) NOT NULL,
  `created_at` timestamp NULL DEFAULT NULL,
  `updated_at` timestamp NULL DEFAULT NULL
) ENGINE=InnoDB DEFAULT CHARSET=utf8mb4 COLLATE=utf8mb4_unicode_ci;

--
-- Dumping data for table `text_widgets`
--

INSERT INTO `text_widgets` (`id`, `key`, `image`, `title`, `content`, `active`, `created_at`, `updated_at`) VALUES
(1, 'about_sidebar', NULL, 'About Me', 'Vào thứ Ba, ADA đã rớt khỏi Top 10 tiền điện tử có vốn hóa thị trường lớn nhất lần đầu tiên trong bốn năm, theo dữ liệu từ CoinGecko.', 1, '2024-08-20 11:03:31', '2024-08-20 11:10:42'),
(2, 'txt_header', NULL, 'BLOG DEMO', 'Blog Demo với PHP - Laravel - Filament', 1, '2024-08-20 11:13:25', '2024-08-20 11:13:25');

-- --------------------------------------------------------

--
-- Table structure for table `users`
--

CREATE TABLE `users` (
  `id` bigint UNSIGNED NOT NULL,
  `name` varchar(255) COLLATE utf8mb4_unicode_ci NOT NULL,
  `email` varchar(255) COLLATE utf8mb4_unicode_ci NOT NULL,
  `email_verified_at` timestamp NULL DEFAULT NULL,
  `password` varchar(255) COLLATE utf8mb4_unicode_ci NOT NULL,
  `remember_token` varchar(100) COLLATE utf8mb4_unicode_ci DEFAULT NULL,
  `created_at` timestamp NULL DEFAULT NULL,
  `updated_at` timestamp NULL DEFAULT NULL
) ENGINE=InnoDB DEFAULT CHARSET=utf8mb4 COLLATE=utf8mb4_unicode_ci;

--
-- Dumping data for table `users`
--

INSERT INTO `users` (`id`, `name`, `email`, `email_verified_at`, `password`, `remember_token`, `created_at`, `updated_at`) VALUES
(1, 'hoangkhai', 'hoangkhai@canhcam.com', NULL, '$2y$12$eIqWCjYSa707wBdYW42j1.PYldq0RRXxWeR2dKUoNb5WsdiY.aEXa', NULL, '2024-08-20 09:13:58', '2024-08-20 09:13:58'),
(2, 'admin', 'admin@gmail.com', NULL, '$2y$12$p0CHaEf7q5/Awde/ZoV44OeaQq/k.mbDq0UwFLQh9Mh6rScgWoMw2', NULL, '2024-08-22 07:22:20', '2024-08-22 07:22:20');

--
-- Indexes for dumped tables
--

--
-- Indexes for table `categories`
--
ALTER TABLE `categories`
  ADD PRIMARY KEY (`id`);

--
-- Indexes for table `category_posts`
--
ALTER TABLE `category_posts`
  ADD PRIMARY KEY (`id`),
  ADD KEY `category_posts_category_id_foreign` (`category_id`),
  ADD KEY `category_posts_post_id_foreign` (`post_id`);

--
-- Indexes for table `failed_jobs`
--
ALTER TABLE `failed_jobs`
  ADD PRIMARY KEY (`id`),
  ADD UNIQUE KEY `failed_jobs_uuid_unique` (`uuid`);

--
-- Indexes for table `migrations`
--
ALTER TABLE `migrations`
  ADD PRIMARY KEY (`id`);

--
-- Indexes for table `password_reset_tokens`
--
ALTER TABLE `password_reset_tokens`
  ADD PRIMARY KEY (`email`);

--
-- Indexes for table `personal_access_tokens`
--
ALTER TABLE `personal_access_tokens`
  ADD PRIMARY KEY (`id`),
  ADD UNIQUE KEY `personal_access_tokens_token_unique` (`token`),
  ADD KEY `personal_access_tokens_tokenable_type_tokenable_id_index` (`tokenable_type`,`tokenable_id`);

--
-- Indexes for table `posts`
--
ALTER TABLE `posts`
  ADD PRIMARY KEY (`id`);

--
-- Indexes for table `text_widgets`
--
ALTER TABLE `text_widgets`
  ADD PRIMARY KEY (`id`),
  ADD UNIQUE KEY `text_widgets_key_unique` (`key`);

--
-- Indexes for table `users`
--
ALTER TABLE `users`
  ADD PRIMARY KEY (`id`),
  ADD UNIQUE KEY `users_email_unique` (`email`);

--
-- AUTO_INCREMENT for dumped tables
--

--
-- AUTO_INCREMENT for table `categories`
--
ALTER TABLE `categories`
  MODIFY `id` bigint UNSIGNED NOT NULL AUTO_INCREMENT, AUTO_INCREMENT=5;

--
-- AUTO_INCREMENT for table `category_posts`
--
ALTER TABLE `category_posts`
  MODIFY `id` bigint UNSIGNED NOT NULL AUTO_INCREMENT, AUTO_INCREMENT=8;

--
-- AUTO_INCREMENT for table `failed_jobs`
--
ALTER TABLE `failed_jobs`
  MODIFY `id` bigint UNSIGNED NOT NULL AUTO_INCREMENT;

--
-- AUTO_INCREMENT for table `migrations`
--
ALTER TABLE `migrations`
  MODIFY `id` int UNSIGNED NOT NULL AUTO_INCREMENT, AUTO_INCREMENT=10;

--
-- AUTO_INCREMENT for table `personal_access_tokens`
--
ALTER TABLE `personal_access_tokens`
  MODIFY `id` bigint UNSIGNED NOT NULL AUTO_INCREMENT;

--
-- AUTO_INCREMENT for table `posts`
--
ALTER TABLE `posts`
  MODIFY `id` bigint UNSIGNED NOT NULL AUTO_INCREMENT, AUTO_INCREMENT=32;

--
-- AUTO_INCREMENT for table `text_widgets`
--
ALTER TABLE `text_widgets`
  MODIFY `id` bigint UNSIGNED NOT NULL AUTO_INCREMENT, AUTO_INCREMENT=3;

--
-- AUTO_INCREMENT for table `users`
--
ALTER TABLE `users`
  MODIFY `id` bigint UNSIGNED NOT NULL AUTO_INCREMENT, AUTO_INCREMENT=3;

--
-- Constraints for dumped tables
--

--
-- Constraints for table `category_posts`
--
ALTER TABLE `category_posts`
  ADD CONSTRAINT `category_posts_category_id_foreign` FOREIGN KEY (`category_id`) REFERENCES `categories` (`id`) ON DELETE CASCADE,
  ADD CONSTRAINT `category_posts_post_id_foreign` FOREIGN KEY (`post_id`) REFERENCES `posts` (`id`) ON DELETE CASCADE;
COMMIT;

/*!40101 SET CHARACTER_SET_CLIENT=@OLD_CHARACTER_SET_CLIENT */;
/*!40101 SET CHARACTER_SET_RESULTS=@OLD_CHARACTER_SET_RESULTS */;
/*!40101 SET COLLATION_CONNECTION=@OLD_COLLATION_CONNECTION */;
